paperId,arxiv_id,doi,title,authors,year,publicationDate,venue,url,Cited by
25056843ed286598031e59863c191c98a00665e5,,10.2172/1881958,Using variational methods and hyperbolic lattices to find the ground state of gapless systems,M. Sajid; J. Unmuth-Yockey,1900,1900-01-01,Using variational methods and hyperbolic lattices to find the ground state of gapless systems,https://www.semanticscholar.org/paper/25056843ed286598031e59863c191c98a00665e5,0
72c783aa521ce2a2842c846bcc9b49d78060fcfb,,10.2172/1827837,Cryogenic infrastructure for quantum computing,M. Hollister,1900,1900-01-01,Cryogenic infrastructure for quantum computing,https://www.semanticscholar.org/paper/72c783aa521ce2a2842c846bcc9b49d78060fcfb,0
88e3d48b6d58fa0fd3bbca1643cb8f80cf4d2099,,10.2172/1827839,A large mK platform at Fermilab for quantum computing applications,M. Hollister; R. Dhuley; G. Tatkowski,1900,1900-01-01,A large mK platform at Fermilab for quantum computing applications,https://www.semanticscholar.org/paper/88e3d48b6d58fa0fd3bbca1643cb8f80cf4d2099,1
5277a197e9c2e32cc4bdc3d5f8ae00b3db884eb4,,10.1073/PNAS.3.6.420,The Occurrence of Harmonics in the Infra-Red Absorption Spectra of Diatomic Gases.,J. B. Brinsmade; E. C. Kemble,1917,1917-06-01,Proceedings of the National Academy of Sciences of the United States of America,https://www.semanticscholar.org/paper/5277a197e9c2e32cc4bdc3d5f8ae00b3db884eb4,7
8b24f90e4347ceb392c24554122cf92596aa42e1,,10.1103/PHYSREV.21.483,A Quantum Theory of the Scattering of X-rays by Light Elements,A. H. Compton,1923,1923-05-01,,https://www.semanticscholar.org/paper/8b24f90e4347ceb392c24554122cf92596aa42e1,663
1f2ba99a919454ee7e62d56a36816cfd5a209bcd,,10.1017/S0305004100009221,On the Quantum Theory of Vibration-Rotation Bands,J. Oppenheimer,1926,1926-07-01,Mathematical Proceedings of the Cambridge Philosophical Society,https://www.semanticscholar.org/paper/1f2ba99a919454ee7e62d56a36816cfd5a209bcd,28
056ea6e26a7b6be01c13a579bd852743c5789b4c,,10.1017/S0305004100015255,On the Quantum Theory of the Problem of the Two Bodies,J. Oppenheimer,1926,1926-10-01,Mathematical Proceedings of the Cambridge Philosophical Society,https://www.semanticscholar.org/paper/056ea6e26a7b6be01c13a579bd852743c5789b4c,4
d120625eeefd460f949be7e95e017db572b22a2d,,10.1103/PHYSREV.28.695,The Stark effect from the point of view of Schroedinger's quantum theory,P. Epstein,1926,1926-10-01,,https://www.semanticscholar.org/paper/d120625eeefd460f949be7e95e017db572b22a2d,370
782f26551241073da8ceecf88a635be3311b65d0,,10.1038/118771D0,Quantum Theory and Intensity Distribution in Continuous Spectra,J. Oppenheimer,1926,1926-11-01,Nature,https://www.semanticscholar.org/paper/782f26551241073da8ceecf88a635be3311b65d0,3
116f8a16d6ef821e99dbcf99bc4282ba9d08ca6e,,10.1073/PNAS.13.6.432,The Dielectric Constant of Atomic Hydrogen in Undulatory Mechanics.,P. Epstein,1927,1927-06-01,Proceedings of the National Academy of Sciences of the United States of America,https://www.semanticscholar.org/paper/116f8a16d6ef821e99dbcf99bc4282ba9d08ca6e,2
cd9cce27feaad89ebef4cca9f2bcfe5da249c22c,,10.1073/PNAS.14.3.261,On the Quantum Theory of the Ramsauer Effect.,J. Oppenheimer,1928,1928-03-01,Proceedings of the National Academy of Sciences of the United States of America,https://www.semanticscholar.org/paper/cd9cce27feaad89ebef4cca9f2bcfe5da249c22c,2
e4c0a035f470873c91cf22c218d950dcd21c2efb,,10.1103/PHYSREV.31.349,On the Quantum Theory of the Capture of Electrons,J. Oppenheimer,1928,1928-03-01,,https://www.semanticscholar.org/paper/e4c0a035f470873c91cf22c218d950dcd21c2efb,243
1916649a9ef2ee6b6f27780692db18b909c575fd,,10.1103/PHYSREV.33.512,The Two Quantum Excited States of the Hydrogen Molecule,E. C. Kemble; C. Zener,1929,1929-04-01,,https://www.semanticscholar.org/paper/1916649a9ef2ee6b6f27780692db18b909c575fd,31
4326c1a6797108ab4fba3f794ded6ccdc0ecb68e,,10.1098/RSPA.1931.0019,Quantum Mechanics of Electrons in Crystal Lattices,R. Kronig; W. Penney,1931,1931-02-03,,https://www.semanticscholar.org/paper/4326c1a6797108ab4fba3f794ded6ccdc0ecb68e,1005
24aa2df83322068efc72979ee7a0b1a2c8a62628,,10.1038/128272B0,Intensity of Raman Scattering in Gases.,S. Bhagavantam,1931,1931-08-15,Nature,https://www.semanticscholar.org/paper/24aa2df83322068efc72979ee7a0b1a2c8a62628,0
ce2d880f71a093dfcdbac85673f26fb3b7c60b71,,10.1038/130092B0,Raman Spectrum of Nitrous Oxide,A. Langseth; J. Nielsen,1932,1932-07-01,Nature,https://www.semanticscholar.org/paper/ce2d880f71a093dfcdbac85673f26fb3b7c60b71,10
1685e134909855c7c0c4338db1552dfd12f1a4b4,,10.1103/PHYSREV.41.304,The Vibrational Levels of Linear Symmetrical Triatomic Molecules,D. M. Dennison,1932,1932-08-01,,https://www.semanticscholar.org/paper/1685e134909855c7c0c4338db1552dfd12f1a4b4,33
d070d17c0ca893157d9e63f768b43a441e36298e,,10.1007/BF00578791,Book Reviews,P. Kehr; C. Karger,1932,1932-08-01,European Journal of Orthopaedic Surgery & Traumatology,https://www.semanticscholar.org/paper/d070d17c0ca893157d9e63f768b43a441e36298e,0
ee464d14d02d32225297e20a64b6b3a06322f828,,10.1098/RSPA.1933.0092,The Collision of Slow Electrons with Atoms. III. The Excitation and Ionization of Helium by Electrons of Moderate Velocity,H. Massey; C. Mohr,1933,1933-06-01,,https://www.semanticscholar.org/paper/ee464d14d02d32225297e20a64b6b3a06322f828,110
07b0ae7d8623be4e49094fad057f4c0262cadc63,,10.1103/PHYSREV.46.1034,Self-Consistent Field and Some X-Ray Terms of the Sodium Atom,E. H. Kennard; E. Ramberg,1934,1934-12-15,,https://www.semanticscholar.org/paper/07b0ae7d8623be4e49094fad057f4c0262cadc63,15
f0bf75e965ecaba67860a71dd3f327fc34a11b6c,,10.1103/PHYSREV.48.30,A Measurement of the Absolute Probability of K -Electron Ionization of Silver by Cathode Rays,J. Clark,1935,1935-07-01,,https://www.semanticscholar.org/paper/f0bf75e965ecaba67860a71dd3f327fc34a11b6c,28
cf4257040b32499ae508b2430406f0abcffddd7c,,10.3181/00379727-33-8429P,Quantitative Interpretation of Biological X-Ray Effects.∗,F. M. Uber,1936,1936-01-01,,https://www.semanticscholar.org/paper/cf4257040b32499ae508b2430406f0abcffddd7c,4
25d299c726c11ae95d822be0059f94cef6e1b5af,,10.1038/142615A0,Kramers' Law: A Correction,T. Page,1938,1938-10-01,Nature,https://www.semanticscholar.org/paper/25d299c726c11ae95d822be0059f94cef6e1b5af,0
fd2dc5017f09da9b22667e19e28aaf182fb0d169,,10.1098/RSPA.1938.0174,The formation of negative ions by positive-ion impact on surfaces,R. H. Sloane; R. Press,1938,1938-10-25,,https://www.semanticscholar.org/paper/fd2dc5017f09da9b22667e19e28aaf182fb0d169,29
3076434cbeef860060f555536da42b7f6a393d0a,,10.1063/1.1750174,Integrals Required for Computing the Energy of H3 and of H3,J. Hirschfelder; C. Weygandt,1938,1938-12-01,,https://www.semanticscholar.org/paper/3076434cbeef860060f555536da42b7f6a393d0a,39
4ce73bad4d20bb54e2247fa1c663303a1147c9f7,,10.1126/science.203.4379.417.a,Science,J. Walsh,1939,1939-08-01,Science,https://www.semanticscholar.org/paper/4ce73bad4d20bb54e2247fa1c663303a1147c9f7,0
15229e7444817e360236d2cb7b45d3ae07ddf40b,,10.1002/J.1537-2197.1939.TB09361.X,FACTORS INFLUENCING THE EFFICIENCY OF PHOTOSYNTHESIS,R. Emerson; C. M. Lewis,1939,1939-12-01,,https://www.semanticscholar.org/paper/15229e7444817e360236d2cb7b45d3ae07ddf40b,81
acde9a6bdef15ca3716d150a2619059536804990,,10.1103/PHYSREV.60.373,Correction for Nuclear Motion in H 2,V. A. Johnson,1941,1941-09-01,,https://www.semanticscholar.org/paper/acde9a6bdef15ca3716d150a2619059536804990,31
834184e8013d7835a22b87c52d6ff3cfb9f7ad28,,10.1063/1.1723840,The Transmission Coefficient in the Theory of Absolute Reaction Rates,H. Hulburt; J. Hirschfelder,1943,1943-06-01,,https://www.semanticscholar.org/paper/834184e8013d7835a22b87c52d6ff3cfb9f7ad28,44
c5e6d9ed5cf9e0f4ffc9d662923d6f3af4c2b9bd,,10.1038/157808C0,Quantization of the Solar System,J. Barnothy,1946,1946-06-01,Nature,https://www.semanticscholar.org/paper/c5e6d9ed5cf9e0f4ffc9d662923d6f3af4c2b9bd,11
ce4a94c6b60a0fb1f3fca85d0695c97dae499174,,10.1111/J.1467-9574.1946.TB00608.X,Het quantitatieve verband tussen dosering en letaliteit bij proefdieren,Drs C. A. G. Nass,1946,1946-08-01,,https://www.semanticscholar.org/paper/ce4a94c6b60a0fb1f3fca85d0695c97dae499174,0
bc33b873149d081ff83fed5d8f9619c0eaec94f6,,10.1063/1.1746912,Erratum: Absorption Spectrum of Carbon Dioxide from 14 to 16 Microns,L. Kaplan,1947,1947-11-01,,https://www.semanticscholar.org/paper/bc33b873149d081ff83fed5d8f9619c0eaec94f6,6
9e7a67afb7362b30c2cb12a41dc8e8c3e32b15b1,,10.1085/JGP.31.3.269,THE QUANTIC AND STATISTICAL BASES OF VISUAL EXCITATION,,1948,1948-01-20,The Journal of General Physiology,https://www.semanticscholar.org/paper/9e7a67afb7362b30c2cb12a41dc8e8c3e32b15b1,31
653964c555a54ee5a91057b0bad64cd7b7a4e985,,10.1063/1.1746798,"Quantum Corrections to the Thermodynamic Properties of Liquids, with Application to Neon",O. K. Rice,1948,1948-02-01,,https://www.semanticscholar.org/paper/653964c555a54ee5a91057b0bad64cd7b7a4e985,0
0cb115289680b28d5e550370f9f1c1accdbf2c26,,10.1093/BIOMET/35.1-2.191,A table for the calculation of working probits and weights in probit analysis.,D. J. Finney; W. Stevens,1948,1948-05-01,Biometrika,https://www.semanticscholar.org/paper/0cb115289680b28d5e550370f9f1c1accdbf2c26,234
2d7cae1a6e1de0605ace5ce9e0be7b71a29e3404,,10.1103/PHYSREV.73.1119,Note on zero-zero transitions,M. Goldberger,1948,1948-05-01,,https://www.semanticscholar.org/paper/2d7cae1a6e1de0605ace5ce9e0be7b71a29e3404,2
d8f322a240a44a65c74a07e831bccf96913cb171,,10.1136/adc.23.114.147-c,An Introduction to Physical Methods of Treatment in Psychiatry,,1948,1948-06-01,,https://www.semanticscholar.org/paper/d8f322a240a44a65c74a07e831bccf96913cb171,6
9b90c95d3980e742eb60277785f890d6e0c5cbd4,,10.5594/J15217,Portable 16-Mm Sound Projector * -->,H. Wilson,1948,1948-07-01,,https://www.semanticscholar.org/paper/9b90c95d3980e742eb60277785f890d6e0c5cbd4,0
bfe66bd017d54324ce394dbefa928a157bda7e28,,10.1017/S0305004100024415,Quantum mechanics of the anharmonic oscillator,R. Mcweeny; C. Coulson,1948,1948-07-01,Mathematical Proceedings of the Cambridge Philosophical Society,https://www.semanticscholar.org/paper/bfe66bd017d54324ce394dbefa928a157bda7e28,31
d5ac2905c6cf0cdcbd444fec960442a76bfac5ef,,10.1103/PHYSREV.74.1168,The Dipolar Broadening of Magnetic Resonance Lines in Crystals,J. V. Vleck,1948,1948-11-01,,https://www.semanticscholar.org/paper/d5ac2905c6cf0cdcbd444fec960442a76bfac5ef,2048
34071ece90fe85dabe854f91dd70da5717d6ff5c,,10.1143/PTP/4.3.314,Triplet Intervals of Beryllium and Calcium,W. Watari,1949,1949-09-01,,https://www.semanticscholar.org/paper/34071ece90fe85dabe854f91dd70da5717d6ff5c,0
57a7596ba4e0fb20504845d80bb2e966b8b27972,,10.1143/PTP/4.3.317,Intervals of Si IV 2P levels,S. Tutihasi,1949,1949-09-01,,https://www.semanticscholar.org/paper/57a7596ba4e0fb20504845d80bb2e966b8b27972,1
99a73679d15107df17b7e2c9a2e47cb3583ff6f4,,10.1017/S0031819100007683,"Probability and Induction . By William Kneale, Fellow of Exeter College and Lecturer in Philosophy in the University of Oxford. (Oxford: Clarendon Press. 1949. Pp. 264. Price 15s. net.)",Edmund Taylor Whittaker,1949,1949-10-01,Philosophy,https://www.semanticscholar.org/paper/99a73679d15107df17b7e2c9a2e47cb3583ff6f4,1
6da4b1d25b97ebfbf58a986124488f4ba5cdcf6b,,10.1115/1.4017258,Zero-Pressure Thermodynamic Properties of Carbon Dioxide,S. Gratch,1949,1949-11-01,Journal of Fluids Engineering,https://www.semanticscholar.org/paper/6da4b1d25b97ebfbf58a986124488f4ba5cdcf6b,0
1ea7aa672a95d8a945415f2827e1b05bdc303a7d,,10.1063/1.1747150,Formulas and Numerical Tables for Overlap Integrals,R. S. Mulliken; C. A. Rieke; D. Orloff; H. Orloff,1949,1949-12-01,,https://www.semanticscholar.org/paper/1ea7aa672a95d8a945415f2827e1b05bdc303a7d,852
95a80fa20564018c1329b12e8d8ec88c5fd641a0,,,Tables for determining reduction of energy and intensity of X-rays and gamma-rays at various scattering angles in small thickness of matter,G. Allen,1950,1950-02-01,,https://www.semanticscholar.org/paper/95a80fa20564018c1329b12e8d8ec88c5fd641a0,0
30aac7795c60c416c38fafa1b0ef4119f58f917f,,10.1143/JPSJ.5.53,The Efficiency of the G-M Counter.,M. Sonoda,1950,1950-03-01,,https://www.semanticscholar.org/paper/30aac7795c60c416c38fafa1b0ef4119f58f917f,2
771c059e77b46a735f76fe20a10a8bc8ea8915d0,,10.1063/1.1747714,On the Fluctuation of Energy of Gases in the Bose‐Fermi Quantum Statistics,K. Széll,1950,1950-05-01,,https://www.semanticscholar.org/paper/771c059e77b46a735f76fe20a10a8bc8ea8915d0,0
8d5161d414fe76636c8822deb7c2a1766bb71670,,10.1115/1.4016815,Zero-Pressure Thermodynamic Properties of Carbon Monoxide and Nitrogen,J. Goff; S. Gratch,1950,1950-08-01,Journal of Fluids Engineering,https://www.semanticscholar.org/paper/8d5161d414fe76636c8822deb7c2a1766bb71670,1
b83f757e5ad6f6adf9aeb8e26e70accbf41f9dc8,,10.1115/1.4016814,Zero-Pressure Thermodynamic Properties of Some Monatomic Gases,J. Goff; S. Gratch; S. W. Van Voorhis,1950,1950-08-01,Journal of Fluids Engineering,https://www.semanticscholar.org/paper/b83f757e5ad6f6adf9aeb8e26e70accbf41f9dc8,2
2f2c4c1da125484232f7e8f1c5665c27a30aed87,,10.1017/S0022172400015333,The estimation of bacterial densities from dilution series,D. J. Finney,1951,1951-03-01,Journal of Hygiene,https://www.semanticscholar.org/paper/2f2c4c1da125484232f7e8f1c5665c27a30aed87,37
11264a1a197cda9bea8f265dd06124b7011ea576,,10.1007/BF02246929,Über den zweidimensionalen Impulsaustausch rotierender Systeme,P. Raethjen,1951,1951-05-01,,https://www.semanticscholar.org/paper/11264a1a197cda9bea8f265dd06124b7011ea576,2
f6d411aaca0ce26403ec38a19ff38b8655c7e54d,,10.1143/PTP/6.2.261,"On the Mass of Cohesive Meson and the Mass Difference of Nucleons, II",H. Enatsu; P. Y. Pac,1951,1951-06-01,,https://www.semanticscholar.org/paper/f6d411aaca0ce26403ec38a19ff38b8655c7e54d,0
6fc99ccd7ba0fe27e49fe46ee4dfd726df1c54f4,,10.1038/1681002A0,A Quantum Mechanical Study of Lithium Hydride,I. Fischer,1951,1951-12-01,Nature,https://www.semanticscholar.org/paper/6fc99ccd7ba0fe27e49fe46ee4dfd726df1c54f4,7
a26b7620eaee309d63dc4c3979a712d8e3854a8b,,10.1063/1.1748101,A Study of Two‐Center Integrals Useful in Calculations on Molecular Structure. II. The Two‐Center Exchange Integrals,Klaus Rüdenberg,1951,1951-12-01,,https://www.semanticscholar.org/paper/a26b7620eaee309d63dc4c3979a712d8e3854a8b,235
fb22a4809903a71ebbc23b6d486e631777bc1f99,,10.1143/PTP/7.4.406,"On the Density Matrix in Hartree-Field, I",Hirosi Itô,1952,1952-04-01,,https://www.semanticscholar.org/paper/fb22a4809903a71ebbc23b6d486e631777bc1f99,0
92298879630790f1b7765673cba00465770daead,,,RECENT ADVANCES IN OUR KNOWLEDGE OF THE NUMERICAL VALUES OF THE FUNDAMENTAL ATOMIC CONSTANTS,J. DuMond; E. R. Cohen,1952,1952-07-01,,https://www.semanticscholar.org/paper/92298879630790f1b7765673cba00465770daead,1
731dadf81bace6f64832c0d461d006d331ad3572,,10.21236/ad0001761,ANALYSIS OF THE HYDROGEN ECLIPSE OBSERVATIONS TO DETERMINE THE THERMODYNAMIC STATE OF THE SOLAR CHROMOSPHERE,E. Parker; R. Thomas,1952,1952-07-17,,https://www.semanticscholar.org/paper/731dadf81bace6f64832c0d461d006d331ad3572,0
1ddd2474d46298d01f80e0092e0cc1badccc82b4,,10.1002/J.1538-7305.1952.TB01408.X,Abstracts of Bell System technical papers∗ not published in this journal,P. Anderson,1953,1953-05-01,,https://www.semanticscholar.org/paper/1ddd2474d46298d01f80e0092e0cc1badccc82b4,0
eb44dc30c2568b51c5b77130fff51da25c939310,,10.1143/PTP/9.6.633,On the Quantum Theory of Fields,D. Rivier,1953,1953-06-01,,https://www.semanticscholar.org/paper/eb44dc30c2568b51c5b77130fff51da25c939310,8
d30cc436e06fc150583f75fd48d8df7a85575e3e,,10.1063/1.1698642,Energy Exchange in Molecular Collisions,B. Widom; S. Bauer,1953,1953-10-01,,https://www.semanticscholar.org/paper/d30cc436e06fc150583f75fd48d8df7a85575e3e,47
0da901af740de2540e97239bffcb230db29825e5,,10.1103/PHYSREV.92.766,LATTICE-SPACE QUANTIZATION OF A NONLINEAR FIELD THEORY. Technical Report 2,Schiff,1953,1953-11-01,,https://www.semanticscholar.org/paper/0da901af740de2540e97239bffcb230db29825e5,37
0377cc8fcb95bb551219e649393406610b7dd89a,,10.1063/1.1740060,Diffusion Effects in the Photochemistry of Solid Films,Joseph E. Wilson,1954,1954-02-01,,https://www.semanticscholar.org/paper/0377cc8fcb95bb551219e649393406610b7dd89a,29
a67ad0e60703e85790322d7c5914f9ef3ca9fe9a,,10.1103/PHYSREV.95.1190,Scattering of Ions by Polarization Forces,E. Vogt; G. Wannier,1954,1954-09-01,,https://www.semanticscholar.org/paper/a67ad0e60703e85790322d7c5914f9ef3ca9fe9a,197
d910b394089c55fc2ab51f7bd1218c974d84222a,,10.1063/1.1739995,Approximate Integral Evaluations Used in the Molecular Quantum Mechanics of Nonlinear Molecules,R. Barker; H. Eyring,1954,1954-12-01,,https://www.semanticscholar.org/paper/d910b394089c55fc2ab51f7bd1218c974d84222a,6
806767ff64aaea18168a30da3e939f1a06b2f540,,10.1088/0370-1298/68/2/305,Inelastic Collisions between Heavy Particles IV: Contribution of Double Transitions to certain Cross Sections including that associated with the Ionization of Hydrogen Atoms in Fast Encounters with other Hydrogen Atoms,D R Bates; G. Griffing,1955,1955-02-01,,https://www.semanticscholar.org/paper/806767ff64aaea18168a30da3e939f1a06b2f540,86
0715096fe2bcbbe2449bdece302c95176c0c8e5e,,10.1142/2692,The Neumann compendium,F. Brody; T. Vámos,1955,1955-06-30,,https://www.semanticscholar.org/paper/0715096fe2bcbbe2449bdece302c95176c0c8e5e,26
0d65566691c610d21e3c2b76f74053cf97ae548a,,10.1103/PHYSREV.101.1020,Relativistic Radiative Transitions.,W. B. Payne; J. Levinger,1956,1956-02-01,,https://www.semanticscholar.org/paper/0d65566691c610d21e3c2b76f74053cf97ae548a,22
51222eecd00ceb0aeae1df73766be432d4bb8507,,10.1063/1.1742457,"Study of Two‐Center Integrals Useful in Calculations on Molecular Structure. III. A Unified Treatment of the Hybrid, Coulomb, and One‐Electron Integrals",K. Ruedenberg; C. Roothaan; W. Jaunzemis,1956,1956-02-01,,https://www.semanticscholar.org/paper/51222eecd00ceb0aeae1df73766be432d4bb8507,124
9356a4448d16fa0be6c6ae627ec879297c0907e9,,10.1143/PTP.15.95,Theory of Electron Multiplication in Silicon,J. Yamashita,1956,1956-02-01,,https://www.semanticscholar.org/paper/9356a4448d16fa0be6c6ae627ec879297c0907e9,4
0684efc037970830ac123eb8363ca711901d0eef,,10.1103/PHYSREV.102.1189,Energy Spectrum of the Excitations in Liquid Helium,R. Feynman; Michael Cohen,1956,1956-06-01,,https://www.semanticscholar.org/paper/0684efc037970830ac123eb8363ca711901d0eef,518
2a174677c960060e08a2201ecdef7280b8f5fffd,,10.1139/P56-108,THE QUANTUM MECHANICAL CALCULATION OF THE SURFACE ENERGY OF SODIUM CHLORIDE— A FIRST APPROXIMATION,G. C. Benson; F. V. Zeggeren,1956,1956-09-01,,https://www.semanticscholar.org/paper/2a174677c960060e08a2201ecdef7280b8f5fffd,11
947284d1666eccbc325f20b514a04de7a28babf9,,10.1063/1.1722537,First Correction to the Geometric‐Optics Scattering Cross Section from Cylinders and Spheres,S. I. Rubinow; T. Wu,1956,1956-09-01,,https://www.semanticscholar.org/paper/947284d1666eccbc325f20b514a04de7a28babf9,36
39acdc3b2fb43c2413af94e0c3a505642e9d18b8,,10.1007/BF02827754,On the radiative contributions to the Van der Waals force,E. A. Power; S. Zienau,1957,1957-07-01,,https://www.semanticscholar.org/paper/39acdc3b2fb43c2413af94e0c3a505642e9d18b8,65
d0c7653644fe1710acc03cba2ea3f89c4e3697dd,,,DEPENDENCE OF THE TAPER LENGTH OF EMULSION TRACKS ON PARTICLE CHARGE,D. V. Viktorov; M. Z. Maksimov,1957,1957-08-01,,https://www.semanticscholar.org/paper/d0c7653644fe1710acc03cba2ea3f89c4e3697dd,0
d5a0895d680d730e34ff7efe6d575a922a936a56,,10.1007/BF01322010,Millimeter wave dispersion in ethyl chloride,Krishnaji; G. P. Srivastava,1958,1958-02-01,,https://www.semanticscholar.org/paper/d5a0895d680d730e34ff7efe6d575a922a936a56,1
4fa8a456747b711259a60ab093da38f3a628bab2,,10.1139/P58-038,NOTE ON THE FORCED AND DAMPED OSCILLATOR IN QUANTUM MECHANICS,E. H. Kerner,1958,1958-03-01,,https://www.semanticscholar.org/paper/4fa8a456747b711259a60ab093da38f3a628bab2,295
83a8a72ea427ab39d59368409c86dcb8c0628025,,10.1063/1.1744163,Quantum Mechanics of the H3 Complex,G. E. Kimball; J. Trulio,1958,1958-03-01,,https://www.semanticscholar.org/paper/83a8a72ea427ab39d59368409c86dcb8c0628025,25
0ff0120ea8362a642d5d21ee7ac5bfa62952f356,,10.1103/PHYSREV.109.2198,Formulation of Quantum Mechanics Based on the Quasi-Probability Distribution Induced on Phase Space,G. A. Baker,1958,1958-03-15,,https://www.semanticscholar.org/paper/0ff0120ea8362a642d5d21ee7ac5bfa62952f356,190
30653137dfccd82c45232b77b120ca26c6ec2c4a,,10.1103/PHYSREV.109.1988,Operation of a Solid-State Quantum-Mechanical Amplifier,M. Strandberg; C. Davis; B. Faughnan; R. Kyhl; G. Wolga,1958,1958-03-15,,https://www.semanticscholar.org/paper/30653137dfccd82c45232b77b120ca26c6ec2c4a,11
1be76f2d3a884653c158d3b7658a5908f6338139,,,MONTE-CARLO CALCULATION OF AN ELECTRON-PHOTON CASCADE IN LEAD,V. Chavchanidze; R. S. Shaduri; V. A. Kumsishvili,1958,1958-04-01,,https://www.semanticscholar.org/paper/1be76f2d3a884653c158d3b7658a5908f6338139,0
30a45c2f6cb8e84a83534f3efadf903770f8a920,,10.1063/1.1744205,Statistical Thermodynamics of Quantum Fluids,R. Mazo; J. Kirkwood,1958,1958-04-01,,https://www.semanticscholar.org/paper/30a45c2f6cb8e84a83534f3efadf903770f8a920,15
35819f4ef5ceda385630a97ca3b4cff9cc981e90,,10.1143/PTP.19.534,"Theory of Cohesive Energies and Energy-Band Structures of Diamond-Type Valence Crystals -The Method of SLCO, II-",A. Morita,1958,1958-05-01,,https://www.semanticscholar.org/paper/35819f4ef5ceda385630a97ca3b4cff9cc981e90,8
4ff869e89aaff64c172f725a9221073d8ceba961,,10.1111/j.1600-0447.1958.tb01736.x,Method,L. Candy; E. Edmonds; C. Vear,1958,1958-06-01,The Routledge International Handbook of Practice-Based Research,https://www.semanticscholar.org/paper/4ff869e89aaff64c172f725a9221073d8ceba961,0
d65b12680256b47233344f50ccdcd36190e90f80,,10.1063/1.1744529,Improved Simple Analytical Wave Functions for Atoms,A. Saturno; R. Parr,1958,1958-09-01,,https://www.semanticscholar.org/paper/d65b12680256b47233344f50ccdcd36190e90f80,33
f72960165c9213fc6f553529db08dbdc71972ed2,,10.1143/PTP.20.257,On the Concept of Potential in Quantum Field Theory,A. Klein,1958,1958-09-01,,https://www.semanticscholar.org/paper/f72960165c9213fc6f553529db08dbdc71972ed2,7
77df3943fc118c87db9975ec988b15d7d36ee60d,,10.1103/PHYSREV.112.812,Electron Self-Energy Approach to Correlation in a Degenerate Electron Gas,J. Quinn; R. A. Ferrell,1958,1958-11-01,,https://www.semanticscholar.org/paper/77df3943fc118c87db9975ec988b15d7d36ee60d,231
504f7163065ca88df6ebdb51f89d20d26c00182d,,10.1364/JOSA.48.000877,Quantal determination and statistical evaluation of absolute foveal luminosity thresholds and of thresh old variability.,D. J. Dillon; R. Zegers,1958,1958-12-01,Journal of the Optical Society of America,https://www.semanticscholar.org/paper/504f7163065ca88df6ebdb51f89d20d26c00182d,12
675455c05983e5cdb3700be08ea3088dfb28b0b2,,10.1109/IRET-ME.1958.5008504,A Theoretical Analysis of the Operation of Flying Spot and Camera Tube Microscopes in the Ultraviolet,E. Ramberg,1958,1958-12-01,,https://www.semanticscholar.org/paper/675455c05983e5cdb3700be08ea3088dfb28b0b2,8
942b7cea344af7d2e18299d7ef55f15baf6b8626,,10.1103/PHYSREV.112.1534,"Theory of Solid Ne, A, Kr, and Xe at 0°K",N. Bernardes,1958,1958-12-01,,https://www.semanticscholar.org/paper/942b7cea344af7d2e18299d7ef55f15baf6b8626,81
1aa3db0607b90a111b14b0635b7cfcfaffe92141,,,ON THE THEORY OF NUCLEAR PARAMAGNETIC RESONANCE IN LIQUIDS,G. V. Skrotskiǐ; A. A. Kokin,1959,1959-02-01,,https://www.semanticscholar.org/paper/1aa3db0607b90a111b14b0635b7cfcfaffe92141,0
435998b3c4691405ef980f6710b3b4f1c41e856d,,10.5594/J11072,A Method of Minimizing Exposure Drifts in Film Recorders,G. Lewin; J. J. Kennedy,1959,1959-02-01,,https://www.semanticscholar.org/paper/435998b3c4691405ef980f6710b3b4f1c41e856d,0
930982300baffc1a40f58f56767c3337b269505f,,10.1073/PNAS.45.3.394,BROKEN BOTTLENECKS AND THE FUTURE OF MOLECULAR QUANTUM MECHANICS.,Broken Bottlenecks; C. Roothaan,1959,1959-03-01,Proceedings of the National Academy of Sciences of the United States of America,https://www.semanticscholar.org/paper/930982300baffc1a40f58f56767c3337b269505f,41
a5e66ba69ff2bb67f47819db0ef6252773b3ff3b,,10.1103/PHYSREV.113.1165,MANY-BODY PROBLEM IN QUANTUM STATISTICAL MECHANICS. I. GENERAL FORMULATION,T. D. Lee; C. N. Yang,1959,1959-03-01,,https://www.semanticscholar.org/paper/a5e66ba69ff2bb67f47819db0ef6252773b3ff3b,112
c5b42c252d8571f14b74c1b6019f207b312a768b,,10.1143/JPSJ.14.331,"Quantum Theoretical Study on Single, Double and Triple Bonds between Carbon Atoms",S. Nagahara,1959,1959-03-05,,https://www.semanticscholar.org/paper/c5b42c252d8571f14b74c1b6019f207b312a768b,5
ac3ac060e373934b3fe11bb4c6da67b511118fd5,,10.1246/BCSJ.32.511,Protonation Effects on the Electronic Spectra of Pyrazine,Shizuyo Mataga; N. Mataga,1959,1959-05-01,,https://www.semanticscholar.org/paper/ac3ac060e373934b3fe11bb4c6da67b511118fd5,7
96bbe61bf15d960a4a9fcf7b3a0356956884e383,,,ON THE RADIATION FORCE IN THE MOTION OF A CHARGE IN A MEDIUM,V. Ginzburg; V. Éidman,1959,1959-06-01,,https://www.semanticscholar.org/paper/96bbe61bf15d960a4a9fcf7b3a0356956884e383,0
00d9ba942fe30c789480fc7456836031ff807b1a,,10.5594/J13806,On the Detective Quantum Efficiency of Television Camera Tubes,R. Jones,1959,1959-07-01,,https://www.semanticscholar.org/paper/00d9ba942fe30c789480fc7456836031ff807b1a,3
3fa15d2b9d170c293065dabea5a4dbbf2fc0f855,,10.1364/JOSA.49.000645,Quantum efficiency of human vision.,R. Jones,1959,1959-07-01,Journal of the Optical Society of America,https://www.semanticscholar.org/paper/3fa15d2b9d170c293065dabea5a4dbbf2fc0f855,52
badaec9d3a86bfe519354324a49629b0f6c96651,,10.1119/1.1934878,On the Physics of Fluids,R. Seeger,1959,1959-09-01,,https://www.semanticscholar.org/paper/badaec9d3a86bfe519354324a49629b0f6c96651,0
38c6e2b76655a956a0bc68d3dccb8c522d61afa8,,10.1098/rsta.1959.0008,Coulomb gauge in non-relativistic quantum electro-dynamics and the shape of spectral lines,E. A. Power; S. Zienau,1959,1959-09-15,Philosophical transactions of the Royal Society of London. Series A: Mathematical and physical sciences,https://www.semanticscholar.org/paper/38c6e2b76655a956a0bc68d3dccb8c522d61afa8,417
954178177656454976c9519dcc62a28762d74cc2,,10.1364/JOSA.49.000949,Asymptotic hydrogenic matrix elements and gaunt factors,B. Armstrong; H. P. Kelly,1959,1959-10-01,,https://www.semanticscholar.org/paper/954178177656454976c9519dcc62a28762d74cc2,8
398d64110428d428c13113fdb12482d12630ed37,,10.1063/1.1730605,Quantum‐Mechanical Calculation of the Probability of an Exchange Reaction for Constrained Linear Encounters,J. Mazur; R. Rubin,1959,1959-11-01,,https://www.semanticscholar.org/paper/398d64110428d428c13113fdb12482d12630ed37,55
dcdff67778f9b223ee611b4ff13a4ff0d122c069,,10.1063/1.1730599,A Calculation of the Rates of the Ortho‐Para Conversions and Isotope Exchanges in Hydrogen,I. Shavitt,1959,1959-11-01,,https://www.semanticscholar.org/paper/dcdff67778f9b223ee611b4ff13a4ff0d122c069,125
cd01db72a17cbb1319ccaf36b6db49bfd33d45b8,,10.1143/PTP.23.408,Green Function Method for Electron Gas. I General Formulation,H. Kanazawa; M. Watabe,1960,1960-03-01,,https://www.semanticscholar.org/paper/cd01db72a17cbb1319ccaf36b6db49bfd33d45b8,7
d971c7203900219112b03cb828429bf73932c4eb,,,"THE AL$sup 27$ $Yields$ Na$sup 24$, Co$sup 59$ $Yields$ Mn$sup 58$, AND P$sup 31$ $Yields$ Na$sup 24$ REACTIONS IN THE 260 Mev $gamma$-QUANTUM ENERGY RANGE",A. N. Gorbunov; F. P. Denisov; V. A. Kolotukhin,1960,1960-04-01,,https://www.semanticscholar.org/paper/d971c7203900219112b03cb828429bf73932c4eb,0
f98aa3cd9f339107b52ca4e42d3e9162e44594d7,,10.1103/PHYSREV.118.1447,ANGULAR MOMENTUM EXPANSIONS IN RELATIVISTIC FIELD THEORY,R. Warnock,1960,1960-06-01,,https://www.semanticscholar.org/paper/f98aa3cd9f339107b52ca4e42d3e9162e44594d7,1
1b30f9bf636f0a3d32ef4b8da653747b6b1fc0c9,,,A GRAPHICAL TECHNIQUE FOR COMPUTATION OF KINETIC QUANTITIES,O. Konstantinov; V. I. Perel’,1960,1960-07-01,,https://www.semanticscholar.org/paper/1b30f9bf636f0a3d32ef4b8da653747b6b1fc0c9,7
6e5ef5216c4947adbf8eb79786d6a398338e0bed,,10.1086/200120,Research Plans,Thomas Goller,1960,1960-07-01,Current Anthropology,https://www.semanticscholar.org/paper/6e5ef5216c4947adbf8eb79786d6a398338e0bed,0
bdcbff0559f7381d18246eb43b37c30a4a5bb846,,,STATISTICAL QUANTUM MECHANICS. DENSITY OPERATORS AND THERMODYNAMIC VALUES,J. Yvon,1960,1960-07-01,,https://www.semanticscholar.org/paper/bdcbff0559f7381d18246eb43b37c30a4a5bb846,0
04550430809bc840f63929601608c61c7d40e831,,10.1063/1.1731265,Quantum Mechanical (Phase Shift) Analysis of Differential Elastic Scattering of Molecular Beams,R. Bernstein,1960,1960-09-01,,https://www.semanticscholar.org/paper/04550430809bc840f63929601608c61c7d40e831,234
f188210b4146b03a0125b1a4a25c4ac3b585b5e8,,10.1063/1.1731235,Continuum‐Model Treatment of Long‐Range Intermolecular Forces. I. Pure Substances,B. Linder,1960,1960-09-01,,https://www.semanticscholar.org/paper/f188210b4146b03a0125b1a4a25c4ac3b585b5e8,58
6e14c156347e07828d2390b4d93e10669ac9bc3b,,,PROCESSES OF THE INTERACTION OF PHOTONS AND GRAVITONS IN QUANTUM FIELD THEORY,M. Korkina,1960,1960-11-01,,https://www.semanticscholar.org/paper/6e14c156347e07828d2390b4d93e10669ac9bc3b,0
52f13afbd15eb7b2ac3d04d2f208d5c0b51865da,,10.1063/1.1731489,Helium Atom Wave Functions from Slater Orbitals of Nonintegral Principal Quantum Number,L. C. Snyder,1960,1960-12-01,,https://www.semanticscholar.org/paper/52f13afbd15eb7b2ac3d04d2f208d5c0b51865da,24
58526db40e1b178b9790a9ff62b4752055c3a591,,,PHENOMENOLOGICAL QUANTUM ELECTRODYNAMICS IN THE CASE OF TWO MEDIA,G. M. Garibyan,1960,1960-12-01,,https://www.semanticscholar.org/paper/58526db40e1b178b9790a9ff62b4752055c3a591,3
40dc45defd1240b8c653f7fd93d5ed9ae889c13f,,10.1007/BF02733367,On the calculation of radial wave functions corresponding to energies in the continuum part of the helium spectrum,C. Grosjean; R. Walle,1961,1961-02-01,,https://www.semanticscholar.org/paper/40dc45defd1240b8c653f7fd93d5ed9ae889c13f,2
0bfcadb98a40cb317a3f89bd4413b63d21107f37,,10.1007/BF02731232,On the theory of primary specific ionization in helium,R. Walle; C. Grosjean,1961,1961-03-01,,https://www.semanticscholar.org/paper/0bfcadb98a40cb317a3f89bd4413b63d21107f37,1
62b5faa2c78e43a4c1429b1e990b46ce5ff129cc,,10.1063/1.1731676,Capacitive Energy and the Ionization of Aromatic Hydrocarbons,F. Smith,1961,1961-03-01,,https://www.semanticscholar.org/paper/62b5faa2c78e43a4c1429b1e990b46ce5ff129cc,58
dc259eeadb4f4a6c5e20ec8487fa1531c08df45e,,,CONTRIBUTION TO THE THEORY OF THE INTERACTION BETWEEN A CHARGED PARTICLE AND PLASMA IN A MAGNETIC FIELD,I. Akhiezer,1961,1961-03-01,,https://www.semanticscholar.org/paper/dc259eeadb4f4a6c5e20ec8487fa1531c08df45e,0
19a1267da4ce664a291d24f902c4837346ceca6a,,10.3327/JAESJ.3.266,LOCAL QUANTUM EFFICIENCY IN COUNTER TUBES. I. CALCULATIONS,Tatsusaburo Suzuki,1961,1961-04-01,,https://www.semanticscholar.org/paper/19a1267da4ce664a291d24f902c4837346ceca6a,2
4278041cad4b5fcee0ddcea1cc7f69364de32a33,,10.1063/1.1701061,Extraordinary Basic Functions in Valence Theory,L. C. Snyder; R. Parr,1961,1961-05-01,,https://www.semanticscholar.org/paper/4278041cad4b5fcee0ddcea1cc7f69364de32a33,30
49b58c123b2fd7a4ef666f0d58abce3360f26bfc,,10.3327/JAESJ.3.329,LOCAL QUANTUM EFFICIENCY IN COUNTER TUBES. II. EXPERIMENTAL RESULTS,T. Suzuki,1961,1961-05-01,,https://www.semanticscholar.org/paper/49b58c123b2fd7a4ef666f0d58abce3360f26bfc,0
8d1a5a37d6e387198cbfd77c7a3023d67c6ab3f0,,10.1145/1460690.1460743,High speed optical computers and quantum transition memory devices,L. Clapp,1961,1961-05-09,IRE-AIEE-ACM '61 (Western),https://www.semanticscholar.org/paper/8d1a5a37d6e387198cbfd77c7a3023d67c6ab3f0,1
3c2e0220b46216832a4a0e9ce5d9023ac9adedae,,10.1103/PHYSREV.122.1043,LINKED-PAIR EXPANSIONS IN QUANTUM STATISTICS,F. Mohling,1961,1961-05-15,,https://www.semanticscholar.org/paper/3c2e0220b46216832a4a0e9ce5d9023ac9adedae,13
f21dd6b51b83efcb93004b7015e55b9a710943c1,,10.1007/BF03156356,Квантово-механический расчёт протонного сродства,Н. А. Измайлов; Юрий Алексеевич Кругляк; Р. Гашпар; Тамашши-лентеи,1961,1961-06-01,,https://www.semanticscholar.org/paper/f21dd6b51b83efcb93004b7015e55b9a710943c1,3
609c3066187cef0275728a13e7b2f3e255f3255b,,10.1098/rspa.1961.0107,Spin-change cross-sections,A. Dalgarno,1961,1961-06-13,"Proceedings of the Royal Society of London. Series A, Mathematical and physical sciences",https://www.semanticscholar.org/paper/609c3066187cef0275728a13e7b2f3e255f3255b,35
d7947394b931f8275f57149049fcd66ca3420823,,10.1007/BF02783065,Some Partition Problems with Analogies in Quantum Statistics.,R. Ingraham,1961,1961-07-01,,https://www.semanticscholar.org/paper/d7947394b931f8275f57149049fcd66ca3420823,1
ef26a2211adf13100615c04cc95f22e21e97a2fc,,10.1007/BF01679801,Die Vernichtung von Positronen im Fluge,P. Kilian,1961,1961-08-01,,https://www.semanticscholar.org/paper/ef26a2211adf13100615c04cc95f22e21e97a2fc,5
ee7497092dba80062a39291106788c8b5cf3f867,,10.6028/JRES.065A.047,Franck-Condon Factors to High Vibrational Quantum Numbers I: N2 and N2+,R. W. Nicholls,1961,1961-09-01,Journal of Research of the National Bureau of Standards Section A Physics and Chemistry,https://www.semanticscholar.org/paper/ee7497092dba80062a39291106788c8b5cf3f867,146
2e273d39d6d36f51e42d080d4fb52d85c710a8a0,,10.1103/PHYSREV.124.1489,INFLUENCE OF THE ROTATIONAL LEVELS ON THE SCATTERING OF SLOW NEUTRONS BY GASEOUS METHANE,G. Griffing,1961,1961-12-01,,https://www.semanticscholar.org/paper/2e273d39d6d36f51e42d080d4fb52d85c710a8a0,27
01653acfabcd685cad10f85904c5e25a12b2a956,,,EXCITATION OF COLLECTIVE NUCLEAR LEVELS IN HEAVY $mu$-MESIC ATOMS,D. F. Zaretskiǐ; V. Novikov,1962,1962-02-01,,https://www.semanticscholar.org/paper/01653acfabcd685cad10f85904c5e25a12b2a956,0
2523eb7daf776f44d994efa6812e284dbb45c8b8,,10.6028/JRES.066A.022,"Franck-Condon Factors to High Vibrational Quantum Numbers II: SiO, MgO, SrO, AlO, VO, NO",R. W. Nicholls,1962,1962-05-01,Journal of Research of the National Bureau of Standards Section A Physics and Chemistry,https://www.semanticscholar.org/paper/2523eb7daf776f44d994efa6812e284dbb45c8b8,30
bd7e521a25705825fe7ffd332dfb069fa858cb7c,,10.1109/JRPROC.1962.288050,The role of basic research in communications and electronics,E. R. Piore,1962,1962-05-01,Proceedings of the IEEE,https://www.semanticscholar.org/paper/bd7e521a25705825fe7ffd332dfb069fa858cb7c,0
b6a42d16c45d082de7e399fead2340dd11b9e3c4,,10.1103/PHYSREV.127.1004,Mobility of Slow Electrons in a Polar Crystal,R. Feynman; R. Hellwarth; C. Iddings; P. Platzman,1962,1962-08-15,,https://www.semanticscholar.org/paper/b6a42d16c45d082de7e399fead2340dd11b9e3c4,260
3418fbaa9188f0f7c9d71fabf9c94c295669d91e,,10.1063/1.1733318,Kinetic Theory of Dense Fluids. XII. Electronic and Ionic Motion in Liquid He4I and Liquid He3,H. Davis; S. Rice; L. Meyer,1962,1962-10-01,,https://www.semanticscholar.org/paper/3418fbaa9188f0f7c9d71fabf9c94c295669d91e,10
85d4a1b4a97e28d5e85a14612d7d3b4cb080defe,,10.1111/j.1751-1097.1962.tb08106.x,PRIMARY REACTIONS IN BACTERIAL PHOTOSYNTHESIS—II. THE QUANTUM REQUIREMENT FOR BACTERIOCHLOROPHYLL CONVERSION IN THE CHROMATOPHORE,R. Clayton,1962,1962-10-01,,https://www.semanticscholar.org/paper/85d4a1b4a97e28d5e85a14612d7d3b4cb080defe,41
09e39f7d57832f10556a5722eb26203410b81f92,,10.1063/1.1733376,Dissociation and Isomerization of Vibrationally Excited Species. II. Unimolecular Reaction Rate Theory and Its Application,G. Wieder; R. Marcus,1962,1962-10-15,,https://www.semanticscholar.org/paper/09e39f7d57832f10556a5722eb26203410b81f92,153
6f34785bb340c2be8be71b5db52aea0e597415b1,,10.1139/P62-186,FRANCK–CONDON FACTORS AND r-CENTROIDS TO HIGH VIBRATIONAL QUANTUM NUMBERS FOR THREE BAND SYSTEMS OF CO+ AND ABSOLUTE BAND STRENGTHS FOR THE COMET-TAIL SYSTEM,R. W. Nicholls,1962,1962-12-01,,https://www.semanticscholar.org/paper/6f34785bb340c2be8be71b5db52aea0e597415b1,38
8dae90ab381a856599f8746c9b154eb6cb284ac9,,,TRANSMISSION OF INFORMATION THROUGH AN ARTIFICIALLY IONIZED ATMOSPHERE,R. Shatas,1962,1962-12-12,,https://www.semanticscholar.org/paper/8dae90ab381a856599f8746c9b154eb6cb284ac9,0
1e4216c2fdadb053b3a9183891cb3f3c692b347c,,10.1103/PHYSREV.131.2345,PERTURBATION-THEORY RULES FOR COMPUTING THE SELF-ENERGY OPERATOR IN QUANTUM STATISTICAL MECHANICS,G. Baym; A. Sessler,1962,1962-12-17,,https://www.semanticscholar.org/paper/1e4216c2fdadb053b3a9183891cb3f3c692b347c,34
0a98ecc374d3217ec9dfd381b2f86241bcf68edd,,10.2172/4720700,COMPUTER PROGRAMS DESCRIBING COLLISION CASCADES IN BINARY MATERIALS. II. WURTZITE STRUCTURE,D. G. Besco; J. Beeler,1963,1963-02-01,,https://www.semanticscholar.org/paper/0a98ecc374d3217ec9dfd381b2f86241bcf68edd,0
fe9f4be5d54ca1bb144dfdb3263659f8d2c773c6,,10.1103/PHYSREV.129.1258,COLLISIONS OF SLOW ELECTRONS AND POSITRONS WITH ATOMIC HYDROGEN,P. Burke; H. M. Schey; Kenneth F. Smith,1963,1963-02-01,,https://www.semanticscholar.org/paper/fe9f4be5d54ca1bb144dfdb3263659f8d2c773c6,121
2db9c8298b4536ba9b0f09732eb2cdcb29791c6e,,10.1063/1.1733765,Approximate Radial Functions for First‐Row Transition‐Metal Atoms and Ions. II. 4p and 4d Atomic Orbitals,J. Richardson; R. Powell; W. Nieuwpoort,1963,1963-02-15,,https://www.semanticscholar.org/paper/2db9c8298b4536ba9b0f09732eb2cdcb29791c6e,197
134d124b807dbadfb467ae3bcb84b9de44e79030,,10.1063/1.1703957,Mechanical Model for Quantum Field Theory,A. Peres,1963,1963-03-01,,https://www.semanticscholar.org/paper/134d124b807dbadfb467ae3bcb84b9de44e79030,12
3b95094f54ab30611bec307d38863a06f8ca78f8,,10.1063/1.1733854,Interactions in Polar Media. I. Interparticle Interaction Energy,R. Marcus,1963,1963-03-15,,https://www.semanticscholar.org/paper/3b95094f54ab30611bec307d38863a06f8ca78f8,25
8d207da2b82824ba866492d31d4bb4a4d6912051,,10.13182/NSE63-A26461,EVALUATION OF TECHNIQUES FOR COMPUTING PARTIAL DIFFERENTIAL SCATTERING CROSS SECTIONS,H. McMurry; L. J. Gannon; W. A. Hestir,1963,1963-04-01,,https://www.semanticscholar.org/paper/8d207da2b82824ba866492d31d4bb4a4d6912051,3
dee89b65b44f284c303d14acf84592678218d3b2,,10.1063/1.1729536,Some Causes of Resonant Frequency Shifts in Atomic Beam Machines. I. Shifts Due to Other Frequencies of Excitation,J. Shirley,1963,1963-04-01,,https://www.semanticscholar.org/paper/dee89b65b44f284c303d14acf84592678218d3b2,50
f10901e26c43a36d4f8f263ef8fc1751aa3a5a70,,10.1086/147561,ABSORPTION COEFFICIENT AND MICROWAVE CONDUCTIVITY OF PLASMAS,P. Mallozzi; H. Margenau,1963,1963-04-01,,https://www.semanticscholar.org/paper/f10901e26c43a36d4f8f263ef8fc1751aa3a5a70,4
223b92b2ad44368c9cb24b9e39b139436478d60a,,10.1136/bmj.1.5336.970,Electron Spin Resonance,Philip Rieger,1963,1963-04-13,The Materials Research Society Series,https://www.semanticscholar.org/paper/223b92b2ad44368c9cb24b9e39b139436478d60a,72
2f5df1cb1ac3e4517fb3538cd9f59cfb174abbdf,,10.1063/1.1733881,Calculation of Mean Atomic Positions in Vibrating Polyatomic Molecules,L. Bartell,1963,1963-04-15,,https://www.semanticscholar.org/paper/2f5df1cb1ac3e4517fb3538cd9f59cfb174abbdf,117
8241bc0339a84abbdb16ba1dacb3f52b10e27365,,,"CALCULATION OF THE COLLISION OF SLOW ELECTRONS WITH HYDROGEN ATOMS, USING THE TRIAL FUNCTION METHOD",V. Murav'ev,1963,1963-08-01,,https://www.semanticscholar.org/paper/8241bc0339a84abbdb16ba1dacb3f52b10e27365,0
5cda53da553908e54f0703f00a36a08fe92966b1,,10.1080/01621459.1963.10500879,Chi-square tests with one degree of freedom,N. Mantel,1963,1963-09-01,,https://www.semanticscholar.org/paper/5cda53da553908e54f0703f00a36a08fe92966b1,2955
a368649fe2fb627c5fffccb6c17b5123b1150b25,,10.1093/COMJNL/6.3.277,An Application of the Monte Carlo Method to the Evaluation of Some Molecular Integrals,D. R. Cowdrey; C. M. Reeves,1963,1963-11-01,Computer/law journal,https://www.semanticscholar.org/paper/a368649fe2fb627c5fffccb6c17b5123b1150b25,5
487e25fee21f22aff0809b3d7ae3af7e549f019b,,10.1103/PHYSREV.132.1625,Nuclear Anomalous Dispersion in Fe 57 by the Method of Total Reflection,S. Bernstein; E. C. Campbell,1963,1963-11-15,,https://www.semanticscholar.org/paper/487e25fee21f22aff0809b3d7ae3af7e549f019b,47
eed1bf66c141119488eb6f84c63fbfd3bb9c777c,,10.1063/1.1734040,Interaction Energies and Transport Coefficients of Li+H and O+H Gas Mixtures at High Temperatures,Paul H. Krupenie; E. A. Mason; J. Vanderslice,1963,1963-11-15,,https://www.semanticscholar.org/paper/eed1bf66c141119488eb6f84c63fbfd3bb9c777c,38
060967f74472d9edd2d1576417e480410fbf17b6,,10.6028/JRES.068A.005,Franck-Condon Factors to High Vibrational Quantum Numbers III: CN,R. W. Nicholls,1964,1964-02-01,Journal of Research of the National Bureau of Standards Section A Physics and Chemistry,https://www.semanticscholar.org/paper/060967f74472d9edd2d1576417e480410fbf17b6,38
22a9d5be3b820b150df6cc38923af2fe0cba7393,,10.1063/1.1704117,Explicit Formal Construction of Nonlinear Quantum Fields,I. Segal,1964,1964-02-01,,https://www.semanticscholar.org/paper/22a9d5be3b820b150df6cc38923af2fe0cba7393,20
cfbe9649164710f33ce95a89ecd19f119c29aed1,,10.1063/1.1725292,Role of Multiple Quantum Transitions in NMR: A Three‐Spin System,J. I. Musher,1964,1964-02-15,,https://www.semanticscholar.org/paper/cfbe9649164710f33ce95a89ecd19f119c29aed1,18
7b98df271718215d604f6491cdb7b73503a21822,,,BASIC RESEARCH IN MICROWAVE DEVICES AND QUANTUM ELECTRONICS.,H. K. Detweiler; M. E. El-Shandwily; B. Ho; J. E. Rowe; C. Yeh,1964,1964-03-01,,https://www.semanticscholar.org/paper/7b98df271718215d604f6491cdb7b73503a21822,0
fd1811b3d2811977c2b9ff2ea8f9dbe7dcbbba43,,10.1088/0370-1328/83/3/310,Low energy collisions between hydrogen atoms and protons,D. R. Bates; D. Williams,1964,1964-03-01,,https://www.semanticscholar.org/paper/fd1811b3d2811977c2b9ff2ea8f9dbe7dcbbba43,96
b5b56854638bb63904c3c84824b49a6975b49cd3,,,Quantum States of the Trapped Electron for an Interstitial Ion,Shao-Fu Wang,1964,1964-04-01,,https://www.semanticscholar.org/paper/b5b56854638bb63904c3c84824b49a6975b49cd3,0
535c4e360081619d6cfbb7c8feb46abc2c0aaf9c,,10.1103/PHYSREVLETT.13.23,QUANTUM MECHANICS OF THE (p-Mu-p) + MOLECULAR ION,P. Phillipson; W. Wessel,1964,1964-07-01,,https://www.semanticscholar.org/paper/535c4e360081619d6cfbb7c8feb46abc2c0aaf9c,25
57e204615b6b79b6ef73baebc29c6b664a75c696,,10.21236/ad0444271,ELECTRONIC STRUCTURE OF POLYATOMIC MOLECULES,J. C. Slater,1964,1964-07-31,,https://www.semanticscholar.org/paper/57e204615b6b79b6ef73baebc29c6b664a75c696,50
776c962a72c336f97396791b4f2eff6ec092902d,,10.1097/00006534-196409000-00004,A QUANTUM METHOD FOR THE APPRECIATION OF THE MORPHOLOGY OF THE FACE,Mario Gonzlez-ulloa,1964,1964-09-01,,https://www.semanticscholar.org/paper/776c962a72c336f97396791b4f2eff6ec092902d,29
ebbec1550c42ed8d706b839b9fe0db9c218b60a3,,10.6028/JRES.068A.051,Franck-Condon Factors to High Vibrational Quantum Numbers IV: NO Band Systems.,R. W. Nicholls,1964,1964-09-01,Journal of Research of the National Bureau of Standards Section A Physics and Chemistry,https://www.semanticscholar.org/paper/ebbec1550c42ed8d706b839b9fe0db9c218b60a3,71
b82016fd73d6f244b0646da4e8269614a020d16f,,10.1063/1.1726341,Cell Model for Quantum Fluids. II. Thermodynamic Properties of Liquid H2,R. Reed; D. Henderson,1964,1964-11-01,,https://www.semanticscholar.org/paper/b82016fd73d6f244b0646da4e8269614a020d16f,5
f4c064d09407132258686b675528b3d50a86769c,,10.1109/TMTT.1964.1125904,Delay Equalization by Tapered Cutoff Waveguides,C.C.H. Tang,1964,1964-11-01,,https://www.semanticscholar.org/paper/f4c064d09407132258686b675528b3d50a86769c,34
208ae0755a12b4b9e711a8fd29b22c132193badf,,10.1063/1.1725698,Quantum Cell Model. I. The Uniform Potential Approximation,I. H. Hillier; J. Walkley,1964,1964-11-15,,https://www.semanticscholar.org/paper/208ae0755a12b4b9e711a8fd29b22c132193badf,17
1e0bff8b28ae2004d174e7d4c40d050c520a6375,,,Microwave Spectral Tables. Volume I. Diatomic Molecules,P. Wacker; M. Mizushima; J. D. Peterson; J. R. Ballard,1964,1964-12-01,,https://www.semanticscholar.org/paper/1e0bff8b28ae2004d174e7d4c40d050c520a6375,0
4c9eee3da57ad2e7818f68a85abf45800a5dd2d7,,10.1111/j.1751-1097.1964.tb08158.x,QUANTUM YIELDS FOR ENZYME INACTIVATION AND THE AMINO ACID COMPOSITION OF PROTEINS *,A. Mclaren; O. Hidalgo-Salvatierra,1964,1964-12-01,,https://www.semanticscholar.org/paper/4c9eee3da57ad2e7818f68a85abf45800a5dd2d7,33
172fd19fdfe252d1f783dc797a2cac9bd3f62611,,10.1103/PHYSREV.137.A448,Faraday Effect in Solids,H. Bennett; E. Stern,1965,1965-01-18,,https://www.semanticscholar.org/paper/172fd19fdfe252d1f783dc797a2cac9bd3f62611,218
3562f78cc6228041e43eecb722513bd1b6a40718,,10.1063/1.1696133,Some Excited States of He++2 : Mixed Basis-Set Calculations,J. Browne,1965,1965-02-15,,https://www.semanticscholar.org/paper/3562f78cc6228041e43eecb722513bd1b6a40718,18
bb3919aa7c62c20febd6ae53403f399f13f413d9,,10.1063/1.1714335,Boundary Value Problems in Composite Media: Quasi‐Orthogonal Functions,C. W. Tittle,1965,1965-04-01,,https://www.semanticscholar.org/paper/bb3919aa7c62c20febd6ae53403f399f13f413d9,131
db757e663415cd09cd3f0c3ee1e0351b37d88b65,,10.1088/0370-1328/85/4/307,The rotational excitation of molecular hydrogen by slow electrons,A. Dalgarno; R. Henry,1965,1965-04-01,,https://www.semanticscholar.org/paper/db757e663415cd09cd3f0c3ee1e0351b37d88b65,21
1f67de893c81562f1d90297af0b4bd551c0ea294,,10.1116/1.1492415,VACUUM PROBLEMS OF ELECTRON AND POSITRON STORAGE RINGS,M. Bernardini; L. Malter,1965,1965-05-01,,https://www.semanticscholar.org/paper/1f67de893c81562f1d90297af0b4bd551c0ea294,26
504a8969715c783eb967ad418456ce34c4ca5845,,10.1063/1.1695784,QUANTUM-MECHANICAL STUDIES OF SEVERAL HELIUM-LITHIUM INTERACTION POTENTIALS,S. Schneiderman; H. Michels,1965,1965-05-15,,https://www.semanticscholar.org/paper/504a8969715c783eb967ad418456ce34c4ca5845,27
56ba55facf0e0d6ac29fdb4cd92a342a73e63253,,10.1002/bip.360030304,Interactions between trinucleotides: The electrostatic contribution and its possible relation to the mechanism of translation of the genetic code,IT. A. Nash; D. t'.,1965,1965-06-01,Biopolymers,https://www.semanticscholar.org/paper/56ba55facf0e0d6ac29fdb4cd92a342a73e63253,38
c4360d36dcc80f5bc10acb6863b1712c72d645ab,,10.1007/BF02783361,Analyses of muon electrodynamic tests,J. Mcclure; S. Drell,1965,1965-06-01,,https://www.semanticscholar.org/paper/c4360d36dcc80f5bc10acb6863b1712c72d645ab,21
4b7a611d4fdbff2b7ef931f9c9787fefafa12aec,,10.1103/PHYSREV.139.A373,Wave Functions for the Excited States of Neutral Helium,L. Green; E. K. Kolchin; N. C. Johnson,1965,1965-07-19,,https://www.semanticscholar.org/paper/4b7a611d4fdbff2b7ef931f9c9787fefafa12aec,30
d1b31eead252ff8bc252b2f075c3fa7810483fea,,10.1143/JPSJ.20.1366,Cohesive Energy of MnO Crystal,S. Nagai,1965,1965-08-05,,https://www.semanticscholar.org/paper/d1b31eead252ff8bc252b2f075c3fa7810483fea,2
06714a4fa925f3b3654e7e98be18c8ebec93227a,,10.6028/JRES.069A.041,Franck-Condon Factors to High Quantum Numbers VI: C2 Band Systems.,R. W. Nicholls,1965,1965-09-01,Journal of Research of the National Bureau of Standards Section A Physics and Chemistry,https://www.semanticscholar.org/paper/06714a4fa925f3b3654e7e98be18c8ebec93227a,9
6a9cff6218b9ae3c7580cc1b49fa7cd06f24ca5b,,10.1147/rd.95.0400,Junction Heating of GaAs Injection Lasers During Continuous Operation,M. Pilkuhn; H. Rupprecht,1965,1965-09-01,IBM Journal of Research and Development,https://www.semanticscholar.org/paper/6a9cff6218b9ae3c7580cc1b49fa7cd06f24ca5b,8
27a396b3ddef6f2104874a876a149a06f4a663e5,,10.1088/0370-1328/86/4/305,Non-linear processes to result from multipole interactions between molecules and electromagnetic fields,S. Kielich,1965,1965-10-01,,https://www.semanticscholar.org/paper/27a396b3ddef6f2104874a876a149a06f4a663e5,45
f9fb273fa5cbfd257652a1cdc8ff610e5402b89a,,10.1063/1.1697146,Calculation of Inelastic Electron—Molecule Collision Cross Sections by Classical Methods,E. Bauer; C. Bartky,1965,1965-10-01,,https://www.semanticscholar.org/paper/f9fb273fa5cbfd257652a1cdc8ff610e5402b89a,92
2b5f3d8f31e964d1c6ffb6aa140cfdb1f5591cae,,10.1063/1.1697256,Vibrational States of the Hydrogen Molecular Ion,H. Wind,1965,1965-11-01,,https://www.semanticscholar.org/paper/2b5f3d8f31e964d1c6ffb6aa140cfdb1f5591cae,57
7a098d7b169c3bf4a6515c3e6da75b9d65a12378,,10.1051/JPHYS:019650026011066800,Theoretical interpretation of the second-order Raman spectra of caesium halides,A. Karo; J. Hardy; I. Morrison,1965,1965-11-01,,https://www.semanticscholar.org/paper/7a098d7b169c3bf4a6515c3e6da75b9d65a12378,9
9390333afe471a811d908627f9a7dc829689eacd,,10.1007/BF00618398,Some studies of the fluorescence and absorption spectra of trivalent praseodymium ions in the calcium tungstate lattice,V. L. Bakumenko; A. Vlasov,1965,1965-11-01,,https://www.semanticscholar.org/paper/9390333afe471a811d908627f9a7dc829689eacd,1
f8f6c361e91047005cbf19431f6ebcf6080f4250,,10.1051/JPHYS:019650026011069700,Wave vector dependence of the Raman effect in crystals,O. Theimer; A. Saxman,1965,1965-11-01,,https://www.semanticscholar.org/paper/f8f6c361e91047005cbf19431f6ebcf6080f4250,0
ee05e8f32739b88cc874837a1ba73afbaee50cc8,,10.1103/PHYSREV.140.A1051,Stimulated Emission of Radiation in a Single Mode,F. Cummings,1965,1965-11-15,,https://www.semanticscholar.org/paper/ee05e8f32739b88cc874837a1ba73afbaee50cc8,301
b2e80a042f51ac672f2022e13b253e5fe52d6c42,,10.1063/1.1696724,Use of Relativistic Wavefunctions in Crystal‐Field Theory,B. G. Wybourne,1965,1965-12-15,,https://www.semanticscholar.org/paper/b2e80a042f51ac672f2022e13b253e5fe52d6c42,100
56e34a2724e23fa6df7758abeb6ba307e880baac,,10.1103/PHYSREV.143.574,"Theoretical Discussion of the Inverse Faraday Effect, Raman Scattering, and Related Phenomena",P. Pershan; J. P. Ziel; L. Malmstrom,1966,1966-03-11,,https://www.semanticscholar.org/paper/56e34a2724e23fa6df7758abeb6ba307e880baac,299
b2eb4c87137888ea61af0905ecae04023a463f8d,,10.1063/1.1727055,"Isotope Effects on Franck—Condon Factors. V. Electronic Transitions of Isotopic O2, N2, C2, and H2 Molecules",M. Halmann; I. Laulicht,1966,1966-03-15,,https://www.semanticscholar.org/paper/b2eb4c87137888ea61af0905ecae04023a463f8d,27
1de2faee898ad00c5ba7e7f0d2ae4fd8ac8080c3,,10.1007/BF01326745,Eigenschaften der Lösungen der nichtlinearisierten Ginsburg-Landau-Gleichungen in Zylindersymmetrie,R. Doll; P. Graf,1966,1966-04-01,,https://www.semanticscholar.org/paper/1de2faee898ad00c5ba7e7f0d2ae4fd8ac8080c3,7
372a945d05f1357d0f2a022dc6e96367e2bde643,,,Quantum-mechanical potential-energy curve for the lowest super 1 sigma sub u plus state of He sub 2.,J. Browne; E. M. Greenawalt; F. A. Matsen; D. Scott,1966,1966-04-15,,https://www.semanticscholar.org/paper/372a945d05f1357d0f2a022dc6e96367e2bde643,0
1d7c74db87a27e73514ffbf099426d12b4de7ac4,,10.1063/1.1726597,Long‐Range Retarded Potentials between Molecules,L. Gomberoff; R. R. Mclone; E. A. Power,1966,1966-06-01,,https://www.semanticscholar.org/paper/1d7c74db87a27e73514ffbf099426d12b4de7ac4,23
c2f57bc50aa240beadfb360277a427c72062cff9,,10.1103/PHYSREV.146.120,Theory of Quantum Crystals,L. H. Nosanow,1966,1966-06-03,,https://www.semanticscholar.org/paper/c2f57bc50aa240beadfb360277a427c72062cff9,147
b22120bd6a6727d6aa00eff91db054c1bbdc0bae,,10.1063/1.1726668,Rotational States of a Tetrahedron in a Cubic Crystal Field,H. F. King; D. Hornig,1966,1966-06-15,,https://www.semanticscholar.org/paper/b22120bd6a6727d6aa00eff91db054c1bbdc0bae,78
db880663ec4b8f8f066a12603ef238a500e9eea7,,10.1088/0370-1328/88/3/305,EXCITATION OF LITHIUM-LIKE IONS BY ELECTRON IMPACTS,O. Bely; D. Petrini,1966,1966-07-01,,https://www.semanticscholar.org/paper/db880663ec4b8f8f066a12603ef238a500e9eea7,58
07b7cb6d554de64307dabc72c4b16837963b5ec8,,10.1119/1.1973202,Teaching Dirac Notation and Relations Among Systems of Units,P. A. Smith,1966,1966-08-01,,https://www.semanticscholar.org/paper/07b7cb6d554de64307dabc72c4b16837963b5ec8,0
b8b90314ed72276870db9e1a4f9428475586368b,,10.1007/BF02911206,Cross-section for annihilation of a pair in two photons with gauge-invariant modification of the electron propagator,G. Calucci,1966,1966-08-01,,https://www.semanticscholar.org/paper/b8b90314ed72276870db9e1a4f9428475586368b,0
4146b40d15fcaba4ae1e0daa62007006e88c52d2,,10.1063/1.1727742,Ionization of Molecules at Low Energies,R. Berry,1966,1966-08-15,,https://www.semanticscholar.org/paper/4146b40d15fcaba4ae1e0daa62007006e88c52d2,285
9cfb8cd69f0bc26c72e8d796420f71e4d083cebe,,10.1103/PHYSREV.148.1269,EQUILIBRIUM OF A LARGE ASSEMBLY OF PARTICLES IN GENERAL RELATIVITY,S. Bonazzola; F. Pacini,1966,1966-08-26,,https://www.semanticscholar.org/paper/9cfb8cd69f0bc26c72e8d796420f71e4d083cebe,19
0359cfc2dba65b12852a4cf06b617aa16f520d00,,10.1063/1.1727770,Calculation of the Lowest Energy Configurations of Nucleotide Base Pairs on the Basis of an Electrostatic Model,H. Nash; D. F. Bradley,1966,1966-09-01,,https://www.semanticscholar.org/paper/0359cfc2dba65b12852a4cf06b617aa16f520d00,58
c24fe30ca940fbac3d5229b20a0997c403c2bb3a,,10.1103/PHYSREV.150.51,"Extended use of the Coulomb approximation - Mean powers of r, a sum rule, and improved transition integrals.",B. Armstrong; Katharine L. Purdum,1966,1966-10-07,,https://www.semanticscholar.org/paper/c24fe30ca940fbac3d5229b20a0997c403c2bb3a,28
2835cbd0d8420996dc31f75e15bf1c36cf535fe8,,10.1515/zna-1966-1110,Die Bestimmung von Molekülkonstanten aus nicht aufgelösten Bandenspektren am Beispiel des PO-β-Systems,H. Meinel; L. Krauss,1966,1966-11-01,,https://www.semanticscholar.org/paper/2835cbd0d8420996dc31f75e15bf1c36cf535fe8,0
e8bb5b61184c5be3f2e6ff2fca86df8b62a20032,,10.1103/PHYSREV.151.132,Quantized Vortices in an Imperfect Bose Gas and the Breakdown of Superfluidity in Liquid Helium II,M. Kawatra; R. Pathria,1966,1966-11-04,,https://www.semanticscholar.org/paper/e8bb5b61184c5be3f2e6ff2fca86df8b62a20032,20
f7e484e9b35fa1a1cfe0390065de32223307f9e7,,10.1103/PHYSREV.151.1040,Comments on Intensity-Dependent Frequency Shift in Compton Scattering and Its Possible Detection,Z. Fried; A. Baker; D. Korff,1966,1966-11-25,,https://www.semanticscholar.org/paper/f7e484e9b35fa1a1cfe0390065de32223307f9e7,13
49a8209caa5ab67ce731943a856affb60d48a1cb,,10.21236/ad0648399,RADIATIVE TRANSFER IN A GAS OF UNIFORM PROPERTIES IN LOCAL THERMODYNAMIC EQUILIBRIUM. PART 2. RELATIVE LINE INTENSITIES AND THE TREATMENT OF WEAK LINES,B. L. Hunt; M. Sibulkin,1966,1966-12-01,,https://www.semanticscholar.org/paper/49a8209caa5ab67ce731943a856affb60d48a1cb,3
5f0c4cef751943d2461f0aa6be69e9a6383cb393,,10.1093/BIOMET/53.3-4.439,Sequential estimation of quantal response curves: A new method of estimation,G. B. Wetherill; H. Chen; R. Vasudeva,1966,1966-12-01,,https://www.semanticscholar.org/paper/5f0c4cef751943d2461f0aa6be69e9a6383cb393,108
fddf490cdf4586ea53791793123adab2de18952d,,10.1007/BF01164228,Effect of the surface material of the circuit on the activity of corrosion deposits,A. Veselkin; O. Shakh,1966,1966-12-01,,https://www.semanticscholar.org/paper/fddf490cdf4586ea53791793123adab2de18952d,0
55ea5d44f1235ea194e162e804bd7012bf4793ec,,10.1063/1.1727537,Exact Quantum‐Mechanical Calculation of a Collinear Collision of a Particle with a Harmonic Oscillator,D. Secrest; B. R. Johnson,1966,1966-12-15,,https://www.semanticscholar.org/paper/55ea5d44f1235ea194e162e804bd7012bf4793ec,447
c3ac8d26fae90393e55b50b4cf6c8b29a1c14c1b,,10.1063/1.1705182,Induced and Spontaneous Emission,S. M. Bergmann,1967,1967-02-01,,https://www.semanticscholar.org/paper/c3ac8d26fae90393e55b50b4cf6c8b29a1c14c1b,16
9081009c5133ed7d8f06b4f1ab11601399f23e57,,10.1063/1.1841072,Thermodynamics of C3. II. General Methods for Nonrigid Molecules at High Temperature,H. L. Strauss; E. Thiele,1967,1967-04-01,,https://www.semanticscholar.org/paper/9081009c5133ed7d8f06b4f1ab11601399f23e57,22
eec88bb8809117cdf565df0938253a0e748a367a,,10.1002/QUA.560010306,Energy eigenvalue spectroscopy,S. M. Blinder,1967,1967-05-01,,https://www.semanticscholar.org/paper/eec88bb8809117cdf565df0938253a0e748a367a,8
929c2a17eb35d595a682d9045bced507875ada51,,10.1103/PHYSREV.157.291,Generalized Transformation to a Rotating Coordinate System in Quantum Mechanics,H. Praddaude,1967,1967-05-10,,https://www.semanticscholar.org/paper/929c2a17eb35d595a682d9045bced507875ada51,0
76bc10a6c9dfebe80f615d448dce56467499e2eb,,10.1007/BF01326194,Zur Oberflächensupraleitung an dünnen Zylindern,R. Doll; P. Graf,1967,1967-06-01,,https://www.semanticscholar.org/paper/76bc10a6c9dfebe80f615d448dce56467499e2eb,0
da0126c96d051ff75dd7bd6ab7aafff7755b5bcc,,10.1088/0370-1328/91/2/305,EXCITED ATOMS IN DECAYING OPTICALLY THICK PLASMAS.,D. R. Bates; K. Bell; A. Kingston,1967,1967-06-01,,https://www.semanticscholar.org/paper/da0126c96d051ff75dd7bd6ab7aafff7755b5bcc,35
25fcae90b8c173f9f7051daa7b9f908b8dfb86fd,,10.1109/TCOM.1967.1089615,Quantizing for Correlation Decoding,R. Blizard,1967,1967-08-01,IEEE Transactions on Communication Technology,https://www.semanticscholar.org/paper/25fcae90b8c173f9f7051daa7b9f908b8dfb86fd,1
ddf2ca9626bc6377bb134798f65b5cb8ae335393,,10.1109/JQE.1967.1074605,Solutions of the damped oscillator Fokker-Planck equation,W. Louisell; J. Marburger,1967,1967-08-01,,https://www.semanticscholar.org/paper/ddf2ca9626bc6377bb134798f65b5cb8ae335393,31
1b99bd6d8dcce8966a38b288774efd4e34abaf29,,10.1103/PHYSREV.160.208,Ground State of Liquid Helium-4 and Helium-3,D. Schiff; L. Verlet,1967,1967-08-05,,https://www.semanticscholar.org/paper/1b99bd6d8dcce8966a38b288774efd4e34abaf29,120
19c73d81955d388663e3796b1a2bfe9947103aad,,10.1063/1.1712140,Vibrational Relaxation of Diatomic Molecules in Gases and Liquids,B. Berne; J. Jortner; R. Gordon,1967,1967-09-01,,https://www.semanticscholar.org/paper/19c73d81955d388663e3796b1a2bfe9947103aad,76
aeb41227429b648ab23665ba3e00ed3ef9a2c5ae,,10.1063/1.1712156,Erratum: Quantum Mechanics of the H2−H2 Interaction. II. A Full Valence‐Bond Calculation,V. Magnasco; G. Musso,1967,1967-09-01,,https://www.semanticscholar.org/paper/aeb41227429b648ab23665ba3e00ed3ef9a2c5ae,14
5ec7d626b9f53fe324202cb5321dd1c66b927075,,10.1103/PHYSREV.162.71,Superposition of Configurations and Atomic Oscillator Strengths—Carbon i and ii,A. Weiss,1967,1967-10-05,,https://www.semanticscholar.org/paper/5ec7d626b9f53fe324202cb5321dd1c66b927075,103
71c070039d03017ef6b34dd9c736ccea69d6a9f4,,,DENSITY OF HEAT SOURCES AND THE TEMPERATURE IN A CRYSTAL OF AN OPTICAL QUANTUM GENERATOR RUBY (PLOTNOST ISTOCHNIKOV TEPLA I TEMPERATURNOE POLE V KRISTALLE RUBINOVOGO OKG),A. Khromov; Y. Libin,1967,1967-10-06,,https://www.semanticscholar.org/paper/71c070039d03017ef6b34dd9c736ccea69d6a9f4,0
816facebec7bfd653ea9995af3e467131d931242,,10.1103/PHYSREV.162.1239,QUANTUM THEORY OF GRAVITY. III. APPLICATIONS OF THE COVARIANT THEORY.,B. Dewitt,1967,1967-10-25,,https://www.semanticscholar.org/paper/816facebec7bfd653ea9995af3e467131d931242,679
01942023448edd1b9d3da4ddde67da0116cb4866,,10.1063/1.1712391,Theory of the Dissociation Kinetics of Diatomic Molecules,W. G. Valance; E. W. Schlag; J. Elwood,1967,1967-11-01,,https://www.semanticscholar.org/paper/01942023448edd1b9d3da4ddde67da0116cb4866,11
041414a12aceb7cbd327a2b2f0d4b1442f45b899,,10.1021/J100849A019,"Theoretical relations among rate constants, barriers, and Broensted slopes of chemical reactions",R. Marcus,1968,1968-03-01,,https://www.semanticscholar.org/paper/041414a12aceb7cbd327a2b2f0d4b1442f45b899,807
707a250eb4e65e39872cc710aa1b069cc844642f,,10.1109/JQE.1968.1075030,"Nonlinear optics, anharmonic oscillators, and pyroelectricity",C. Garrett,1968,1968-03-01,,https://www.semanticscholar.org/paper/707a250eb4e65e39872cc710aa1b069cc844642f,77
c2f4800c538c2d5bc46db8c4e7abc62fe80e0798,,,ACTIVATION ENERGIES AND RATE CONSTANTS COMPUTED FOR THE COMBUSTION OF HYDROCARBON AND HYDROGEN FUELS,S. Mayer; L. Schieler,1968,1968-03-01,,https://www.semanticscholar.org/paper/c2f4800c538c2d5bc46db8c4e7abc62fe80e0798,1
fab137f363e3398ead4030a997d612c70876cb91,,10.1098/rspa.1968.0099,Some comments on the theory of the Kapitza conductance between metals and liquid helium II,L. Challis; J. Cheeke,1968,1968-05-07,"Proceedings of the Royal Society of London. Series A, Mathematical and physical sciences",https://www.semanticscholar.org/paper/fab137f363e3398ead4030a997d612c70876cb91,21
b9fa0c58f914a2c49082cc3b27005f2f366c3582,,10.1063/1.1668045,Quantum‐Mechanical Calculations of the Inelastic Cross Sections for Rotational Excitation of Para and Ortho H2 upon Collision with He,B. R. Johnson; D. Secrest,1968,1968-05-15,,https://www.semanticscholar.org/paper/b9fa0c58f914a2c49082cc3b27005f2f366c3582,85
7422becea2fb56a8a2f9d85cc84f26971d7b4027,,10.1063/1.1668166,Error Bounds for the Energy and Overlap of Approximate Wavefunctions,R. Gordon,1968,1968-06-01,,https://www.semanticscholar.org/paper/7422becea2fb56a8a2f9d85cc84f26971d7b4027,21
cb2ef85d538984f1b99bbf118883d910cab1f291,,10.1007/BF01696130,Normal and antinormal correlations for the superposition of thermal and coherent fields,J. Peřina; L. Mišta,1968,1968-06-01,,https://www.semanticscholar.org/paper/cb2ef85d538984f1b99bbf118883d910cab1f291,13
552da1ee18a3f0aa66d09d61183392671dd64ea6,,10.1073/PNAS.60.3.786,Quantum-thermodynamic definition of electronegativity.,E. Gyftopoulos; G. Hatsopoulos,1968,1968-07-01,Proceedings of the National Academy of Sciences of the United States of America,https://www.semanticscholar.org/paper/552da1ee18a3f0aa66d09d61183392671dd64ea6,111
99d562d4981f48262f6b5411285c32595df01e6c,,10.1063/1.1669836,Improved Theoretical Ground‐State Energy of the Hydrogen Molecule,W. Kołos; L. Wolniewicz,1968,1968-07-01,,https://www.semanticscholar.org/paper/99d562d4981f48262f6b5411285c32595df01e6c,463
e90e8497983a7e457ea7cfe53810f843780e0f25,,10.1088/0022-3719/1/4/313,Nuclear magnetic resonance line shapes of methyl groups undergoing tunnelling rotation,F. Apaydın; S. Clough,1968,1968-08-01,,https://www.semanticscholar.org/paper/e90e8497983a7e457ea7cfe53810f843780e0f25,107
f11da9f7c430d13de7abc82a3b98ec873ac5b984,,10.1103/PHYSREV.172.31,Evidence for the Δ u 3 → B Π g 3 Transition in N 2,H. L. Wu; W. Benesch,1968,1968-08-05,,https://www.semanticscholar.org/paper/f11da9f7c430d13de7abc82a3b98ec873ac5b984,30
1e478fc77306172b0a623f53a07630ea65aeceda,,10.1103/PHYSREV.172.350,Quantum Noise. XI. Multitime Correspondence between Quantum and Classical Stochastic Processes,M. Lax,1968,1968-08-10,,https://www.semanticscholar.org/paper/1e478fc77306172b0a623f53a07630ea65aeceda,290
c3a35ae082efc98b71cfe2eaae052554c93f1dcb,,,COMPUTATION OF THE OUTPUT POWER FOR A SIMPLER MODEL OF THE MIXTURE CO2 AND N2,B. Stepanov; R. K. Lashitskaya,1968,1968-09-06,,https://www.semanticscholar.org/paper/c3a35ae082efc98b71cfe2eaae052554c93f1dcb,0
dd105b65921fcfb15f2dbd1171e108d363568e47,,10.1063/1.1670449,Vibration–Rotation Interaction Effects in Calculated Franck–Condon Factors. I. The Ionization of H2 and D2,D. Villarejo,1968,1968-09-15,,https://www.semanticscholar.org/paper/dd105b65921fcfb15f2dbd1171e108d363568e47,47
9c02dcc04d254b41dde33f18a76447440da0e005,,10.1063/1.1670629,Perturbed Morse-oscillator approximation in reactive collisions. I.,H. Mcgee; J. Pirkle,1968,1968-10-15,,https://www.semanticscholar.org/paper/9c02dcc04d254b41dde33f18a76447440da0e005,8
c51fc018a8dd2bce3495439cc45bd11b1e6dc413,,10.1103/PHYSREV.174.1764,QUANTUM ELECTROMAGNETIC ZERO-POINT ENERGY OF A CONDUCTING SPHERICAL SHELL AND THE CASIMIR MODEL FOR A CHARGED PARTICLE.,T. Boyer,1968,1968-10-25,,https://www.semanticscholar.org/paper/c51fc018a8dd2bce3495439cc45bd11b1e6dc413,412
59eb58091e103aefec705fb7fe4fe9952bd1af7c,,10.1007/BF00650911,Predicted forbidden line spectrum of NiIV,R. Garstang,1968,1968-11-01,,https://www.semanticscholar.org/paper/59eb58091e103aefec705fb7fe4fe9952bd1af7c,3
4f65e8c70f5f0909242355b1d4a216d2e80327e2,,10.1063/1.1669874,Overlap Integrals over Slater‐Type Atomic Orbitals,D. Silver; K. Ruedenberg,1968,1968-11-15,,https://www.semanticscholar.org/paper/4f65e8c70f5f0909242355b1d4a216d2e80327e2,37
71eabce0a2e799b8360b1de47809984dc537c1f5,,10.1063/1.1669903,Perturbed Morse Oscillator Approximation in Reactive Collisions. II. A Repulsive Potential,J. Pirkle; H. Mcgee,1968,1968-11-15,,https://www.semanticscholar.org/paper/71eabce0a2e799b8360b1de47809984dc537c1f5,1
34d84418bf0cef4d6fca19f7b206e4521322578e,,10.1088/0022-3700/2/2/305,Off-resonance photoexcitation and photoionization of a gas,R. Papoular,1969,1969-02-01,,https://www.semanticscholar.org/paper/34d84418bf0cef4d6fca19f7b206e4521322578e,0
9881686b1e5c8e2e9ad6ec44c4266c505de312eb,,10.1063/1.1657435,Infrared Detection by Optical Mixing,D. Kleinman; G. Boyd,1969,1969-02-01,,https://www.semanticscholar.org/paper/9881686b1e5c8e2e9ad6ec44c4266c505de312eb,43
a670b2cac947bb80b8bd46dcfa8575ca21e46731,,10.1063/1.1671278,Peptides from Non‐Amino Acid Sources. II. A Quantum‐Chemical Study of the Isomers of Formamide,M. Robb; I. Csizmadia,1969,1969-02-15,,https://www.semanticscholar.org/paper/a670b2cac947bb80b8bd46dcfa8575ca21e46731,44
d4aef1060004962d05e9724ff7c49bf12d59ad80,,,QUANTUM THEORY OF ATOMS AND MOLECULES.,R. Mcweeny; D. Cook,1969,1969-03-01,,https://www.semanticscholar.org/paper/d4aef1060004962d05e9724ff7c49bf12d59ad80,19
d44e74f5c78ec441c55e66bb366a9c0abf8c2579,,10.1063/1.1671406,Small Gaussian Expansions of Atomic Orbitals,R. Stewart,1969,1969-03-15,,https://www.semanticscholar.org/paper/d44e74f5c78ec441c55e66bb366a9c0abf8c2579,121
f35d1a4a894ffdcaeef448d500a7971124311913,,10.1007/BF01691808,On P-representation for parametric amplifier and parametric frequency converter,L. Mišta,1969,1969-04-01,,https://www.semanticscholar.org/paper/f35d1a4a894ffdcaeef448d500a7971124311913,9
7e8e29ae603bcb792781e09f803edae39828544f,,10.1063/1.1671564,Possibility of Extracting Anisotropy Parameters from the M Dependence of Total Cross-Section Measurements,W. Miller,1969,1969-04-15,,https://www.semanticscholar.org/paper/7e8e29ae603bcb792781e09f803edae39828544f,11
0fa62161fc0f5525bf5967957ed01ddc03e96714,,10.1063/1.1658075,Electron‐Phonon Interaction in Alkali Halides. I. The Transport of Secondary Electrons with Energies between 0.25 and 7.5 eV,J. Llacer; E. Garwin,1969,1969-06-01,,https://www.semanticscholar.org/paper/0fa62161fc0f5525bf5967957ed01ddc03e96714,111
3ef337f1d0171b79e39130e5907528340c1f173e,,10.1002/NAV.3800160203,Markov chain analyses of multiprogrammed computer systems,E. Coffman,1969,1969-06-01,,https://www.semanticscholar.org/paper/3ef337f1d0171b79e39130e5907528340c1f173e,3
999c3663e3aa9a118f2cd286b8194bf902e42641,,10.1103/PHYSREV.187.2159,Theory of Deep-Inelastic Lepton-Nucleon Scattering and Lepton-Pair Annihilation Processes. I,S. Drell; D. J. Levy; T. Yan,1969,1969-06-01,,https://www.semanticscholar.org/paper/999c3663e3aa9a118f2cd286b8194bf902e42641,211
2add9381cfa8ce7b80d96b075f454781668564dc,,10.1103/PHYSREV.182.133,Pseudopotential Method for Inelastic Processes in Atoms and Molecules. I. General Method and Photodetachment of O,B. Schneider; M. Weinberg; J. Tully; R. Berry,1969,1969-06-05,,https://www.semanticscholar.org/paper/2add9381cfa8ce7b80d96b075f454781668564dc,17
01c766929150be50820492a63442103bdba02dec,,10.1093/MNRAS/145.2.171,"The Rayleigh Scattering Cross-Sections of He, C, N and O",S. Tarafdar; M. Vardya,1969,1969-07-01,,https://www.semanticscholar.org/paper/01c766929150be50820492a63442103bdba02dec,10
328c9a27b206c95b7ed21da8091ef37080c3908e,,10.1063/1.1672106,Improved Quantum Theory of Many‐Electron Systems. V. The Spin‐Coupling Optimized GI Method,R. Ladner; W. Goddard,1969,1969-08-01,,https://www.semanticscholar.org/paper/328c9a27b206c95b7ed21da8091ef37080c3908e,176
a92c34d928694b1970c339f8a926a7f2d039dbda,,10.1063/1.1658215,MgO Containing Fe++: Magnetic Properties and Clustering,K. Woods; M. Fine,1969,1969-08-01,,https://www.semanticscholar.org/paper/a92c34d928694b1970c339f8a926a7f2d039dbda,11
2e0ed460f9cc5d23b2bee54419c3b5eef634a54e,,10.1063/1.1672211,Self‐Consistent‐Field Molecular Orbital Theory of the Chemical Bond. I. Formal Theory,D. Peters,1969,1969-08-15,,https://www.semanticscholar.org/paper/2e0ed460f9cc5d23b2bee54419c3b5eef634a54e,26
a778e27bba0f647bedbc7b4fc4c4330d71959f4e,,10.1109/TCOM.1969.1090139,Comments on Optical Heterodyne Detection,S. Karp,1969,1969-10-01,,https://www.semanticscholar.org/paper/a778e27bba0f647bedbc7b4fc4c4330d71959f4e,0
e9361d0ffa7cf380d2e9b7e1a2a681f9eae697bd,,10.1051/JPHYSCOL:1969302,COMPORTEMENT DES ÉLECTRONS DANS UN CHAMP MAGNÉTIQUE DE 1013 GAUSS OU PLUS ET IMPLICATIONS ASTROPHYSIQUES,B. Jancovici,1969,1969-11-01,,https://www.semanticscholar.org/paper/e9361d0ffa7cf380d2e9b7e1a2a681f9eae697bd,2
9704fdcd83d133fad432caf782575525f06e4958,,10.1103/PHYSREV.187.639,Quasiclassical Methods in Spin Dynamics,D. M. Kaplan; G. C. Summerfield,1969,1969-11-10,,https://www.semanticscholar.org/paper/9704fdcd83d133fad432caf782575525f06e4958,21
5fbf36c254643cc231054ffc366c1b87f41c1b57,,10.1063/1.1671874,Evaluation of Transport Properties of Gases: The Bruch–McGee Potential for Helium,J. Keller; W. L. Taylor,1969,1969-12-01,,https://www.semanticscholar.org/paper/5fbf36c254643cc231054ffc366c1b87f41c1b57,23
c5d3326fe0582fb93d40ab5b3139b73380ab3eac,,10.1103/PHYSREV.188.529,Nonlinear Resonance Effects in Multilevel Quantum Systems Weakly Coupled to a Thermal Reservoir,C. Bates,1969,1969-12-10,,https://www.semanticscholar.org/paper/c5d3326fe0582fb93d40ab5b3139b73380ab3eac,4
e685e388ec59f82ed15e45365037dcaeb85818a9,,10.1063/1.1671977,Spectroscopy of Na2 Using Laser‐Induced Fluorescence,W. Demtröder; M. McClintock; R. Zare,1969,1969-12-15,,https://www.semanticscholar.org/paper/e685e388ec59f82ed15e45365037dcaeb85818a9,135
f6c9ae131134900054a66399e7356e6be833f967,,10.1139/V70-057,The heat of formation of the norbornyl cation,H. Spencer; Y. Mo,1970,1970-01-15,,https://www.semanticscholar.org/paper/f6c9ae131134900054a66399e7356e6be833f967,18
e0017eabba8657782d5504f43436e63853cabac8,,,Quantitative assessment of scanning-system parameters.,A. G. Schulz; L. G. Knowles; L. C. Kohlenstein; R. Mucci; W. A. Yates,1970,1970-02-01,Journal of Nuclear Medicine,https://www.semanticscholar.org/paper/e0017eabba8657782d5504f43436e63853cabac8,13
58852b81bbfb2a545538de630f2581ed5e445166,,10.1103/PHYSREVB.1.1533,Quantum Rate Theory for Solids. III. N -Dimensional Tunneling Effects,J. H. Weiner; Y. Partom,1970,1970-02-15,,https://www.semanticscholar.org/paper/58852b81bbfb2a545538de630f2581ed5e445166,25
68209447b5bd9883bb2f37bb619745c27a6b7cf8,,10.1098/rspa.1970.0056,Semi-classical treatment of atomic collisions,D. R. Bates; D. Crothers,1970,1970-03-10,Proceedings of the Royal Society of London. A. Mathematical and Physical Sciences,https://www.semanticscholar.org/paper/68209447b5bd9883bb2f37bb619745c27a6b7cf8,56
6177bd75f072777bcf1e64378cebd1cbc36f510a,,10.1119/1.1976410,Methods of Proof and Applications of the Virial Theorem in Classical and Quantum Mechanics,J. Killingbeck,1970,1970-05-01,,https://www.semanticscholar.org/paper/6177bd75f072777bcf1e64378cebd1cbc36f510a,5
5b2a1d4326e20e93acf022c8dd9cd79522ebd8a7,,,High temperature equation of state for aluminum,R. Naumann,1970,1970-08-01,,https://www.semanticscholar.org/paper/5b2a1d4326e20e93acf022c8dd9cd79522ebd8a7,2
089f3575b23fedb497450dcb1fa19549616fb4e4,,10.1111/j.1751-1097.1970.tb06053.x,THE PHOTOCHEMICALLY INDUCED REACTIONS OF SULFUR DIOXIDE WITH ALKANES AND CARBON MONOXIDE *,R. Timmons,1970,1970-09-01,,https://www.semanticscholar.org/paper/089f3575b23fedb497450dcb1fa19549616fb4e4,26
a36f80c42de2c13fade7b5697cb94f31caab7f6d,,10.1051/JPHYSCOL:1971164,PATH INTEGRAL THEORY OF MAGNETIC ALLOYS,D. Hamann,1970,1970-09-01,,https://www.semanticscholar.org/paper/a36f80c42de2c13fade7b5697cb94f31caab7f6d,89
2c9a98675b528162e9a18da0c7f848af2eb30767,,10.1063/1.1674450,Exclusion of Disallowed States from State Density and Its Effect on Unimolecular Rate,W. Forst; Z. Prášil,1970,1970-10-15,,https://www.semanticscholar.org/paper/2c9a98675b528162e9a18da0c7f848af2eb30767,28
7d84562e40df295d01a3021dc9f25c7cdd273723,,10.1063/1.1665129,Adiabatic Response to an Oscillatory Field,R. Young; W. J. Deal,1970,1970-11-01,,https://www.semanticscholar.org/paper/7d84562e40df295d01a3021dc9f25c7cdd273723,25
8e2fbe98f04e28cadc98c920756129a656d45110,,10.2307/2346325,The Efficient Use of Function Minimization in Non‐Linear Maximum‐Likelihood Estimation,G. Ross,1970,1970-11-01,,https://www.semanticscholar.org/paper/8e2fbe98f04e28cadc98c920756129a656d45110,97
f5302fa41de0694e3403c532cb88cc7f9750d389,,10.2307/2528718,Evaluation of a quantal response model with estimated concentrations.,R. G. Cornell; N. Petersen,1970,1970-12-01,Biometrics,https://www.semanticscholar.org/paper/f5302fa41de0694e3403c532cb88cc7f9750d389,1
c59902d372e0566f73fe5cdbbb31855d771bccf5,,10.1515/ZNA-1971-0206,Orthogonalitätsrelationen der mehrzeitigen erzeugenden Funktionale des Harmonischen Oszillators,R. Weber,1971,1971-02-01,,https://www.semanticscholar.org/paper/c59902d372e0566f73fe5cdbbb31855d771bccf5,2
646ca6918a02e625ef03c5b1cb1bdd93caf3ba7c,,10.1063/1.1675377,Particle Method for the Numerical Solution of the Time‐Dependent Schrödinger Equation,J. H. Weiner; A. Askar,1971,1971-04-15,,https://www.semanticscholar.org/paper/646ca6918a02e625ef03c5b1cb1bdd93caf3ba7c,62
25ba1a9c0bb2fb5614c5803aae2d286dfe4d5b5c,,10.1063/1.1674723,Quantum‐Chemical Study of Some Pnicogen Monofluorides,P. O'hare; A. C. Wahl,1971,1971-06-01,,https://www.semanticscholar.org/paper/25ba1a9c0bb2fb5614c5803aae2d286dfe4d5b5c,41
392bb851a079d50050bae1a12a9a65900391af2e,,10.1063/1.1674839,Classical S Matrix for Rotational Excitation; Quenching of Quantum Effects in Molecular Collisions,W. Miller,1971,1971-06-15,,https://www.semanticscholar.org/paper/392bb851a079d50050bae1a12a9a65900391af2e,147
40765cdf88d7900898da488537e601adf7ec4cd8,,10.1103/PHYSREVD.4.275,Quantum theory of gravitation and the mass of the electron,G. Rosen,1971,1971-07-15,,https://www.semanticscholar.org/paper/40765cdf88d7900898da488537e601adf7ec4cd8,6
97b59780748a78f010376da3841391f8804ba835,,10.1103/PHYSREVLETT.27.461,Large order behavior of Perturbation theory,C. Bender; T. Wu,1971,1971-08-16,,https://www.semanticscholar.org/paper/97b59780748a78f010376da3841391f8804ba835,289
6e61bcfd2e7ff7e140de597866a0423afb8ff0ef,,10.1088/0305-4608/1/5/317,"Energy band structure of Ca, Sr and Ba",S. Chatterjee; D. Chakraborti,1971,1971-09-01,,https://www.semanticscholar.org/paper/6e61bcfd2e7ff7e140de597866a0423afb8ff0ef,13
a7f7c2a394f1af60f907a39d0c11e8f02c38f662,,10.1063/1.1665821,Structure of Neutral Mesonic Atoms Formed in Liquid Helium. III. More Accurate Treatment of the Electron Wavefunction,L. C. Chen; J. Guo; J. E. Russell,1971,1971-09-01,,https://www.semanticscholar.org/paper/a7f7c2a394f1af60f907a39d0c11e8f02c38f662,4
bc8912484ecba889ed1efbf3679f72bbf1091bc3,,10.1088/0022-3700/4/9/002,The density of states in the static screened Coulomb potential,T. W. Preist,1971,1971-09-01,,https://www.semanticscholar.org/paper/bc8912484ecba889ed1efbf3679f72bbf1091bc3,3
ff34b51f8bafe1e09b6726c05bfc86958c09aa17,,10.2307/2528607,The use of prior information in the testing of new drugs.,D. M. Allen,1971,1971-09-01,Biometrics,https://www.semanticscholar.org/paper/ff34b51f8bafe1e09b6726c05bfc86958c09aa17,1
2d56b88cbd577e5f12454c4dccf35c4004bc59df,,10.1063/1.1676568,Reaction Matrix Method for Computing Probabilities of Vibration—Translation Energy Transfer; Range of Applicability for the Collinear Collision of an Atom and a Diatomic,J. H. Clarke; J. Weare; E. Thiele,1971,1971-10-01,,https://www.semanticscholar.org/paper/2d56b88cbd577e5f12454c4dccf35c4004bc59df,11
42d0d390d7e907c4e736620f1244c1a594285f61,,10.1063/1.1676561,The Classical S-Matrix: Linear Reactive Collisions of H + Cl2,C. Rankin; W. Miller,1971,1971-10-01,,https://www.semanticscholar.org/paper/42d0d390d7e907c4e736620f1244c1a594285f61,189
c00cb683d478001662f8dd44e2b07e19199fb91e,,10.1145/321662.321675,A Dynamic Time-Sharing Priority Queue,I. Adiri,1971,1971-10-01,JACM,https://www.semanticscholar.org/paper/c00cb683d478001662f8dd44e2b07e19199fb91e,13
cfecf83ee1de3caae771295fef97a19ff55309a8,,10.1111/j.1749-6632.1971.tb34956.x,VIOLATION OF THE NONCROSSING RULE: THE HUBBARD HAMILTONIAN FOR BENZENE *,O. J. Heilmann; E. Lieb,1971,1971-10-01,,https://www.semanticscholar.org/paper/cfecf83ee1de3caae771295fef97a19ff55309a8,96
4f7b1ae5019337f3ab31353e67a31903dfb92917,,10.1515/zna-1971-1104,"Quantum Mechanical Studies of Atomic, Bond, and Molecular Polarizabilities, Spectroscopic Studies of Root-Mean-Square Amplitudes, and Statistical Thermodynamics: Isotopic Species of Nitrogen Trichloride",G. Nagarajan; Stephen B. Cotter,1971,1971-11-01,,https://www.semanticscholar.org/paper/4f7b1ae5019337f3ab31353e67a31903dfb92917,2
604899702381923fef8279ca9dd9b452edd4bec3,,10.1017/S0021900200114780,Journal of Applied Probability Volume 8 (1971): Index,,1971,1971-12-01,Journal of Applied Probability,https://www.semanticscholar.org/paper/604899702381923fef8279ca9dd9b452edd4bec3,0
a9e4dd3e77486110899314569a08c09a9c257d0e,,10.1063/1.1675684,Calculation of the Infrared Spectrum of SF4 Using CNDO /2 Techniques,I. W. Levin,1971,1971-12-01,,https://www.semanticscholar.org/paper/a9e4dd3e77486110899314569a08c09a9c257d0e,26
d2d118bff6249bf65fbd51cf02c2db176a0283c6,,10.1063/1.1675673,Optical Activity as a Two‐State Process,E. A. Power; T. Thirunamachandran,1971,1971-12-01,,https://www.semanticscholar.org/paper/d2d118bff6249bf65fbd51cf02c2db176a0283c6,24
2e564f81e74cb1ac4bf9e6d6d79f2799862a163c,,10.1063/1.1680138,Expansion for the Quantum Second Virial Coefficient Using Hard‐Sphere Basis Functions,E. J. Derderian; W. Steele,1971,1971-12-15,,https://www.semanticscholar.org/paper/2e564f81e74cb1ac4bf9e6d6d79f2799862a163c,11
8617a90af45889c657b022a6a9444a95e6381c03,,10.1113/jphysiol.1972.sp009719,Review Lecture. Pigments and signals in colour vision,W. Rushton,1972,1972-02-01,,https://www.semanticscholar.org/paper/8617a90af45889c657b022a6a9444a95e6381c03,186
ddf3f601bb237dad7bf7aa976ce8c07eccd20172,,10.1109/T-ED.1972.17437,Photoinduced discharge characteristics of xerographic photoreceptors,I. Chen; J. Mort; M. Tabak,1972,1972-04-01,,https://www.semanticscholar.org/paper/ddf3f601bb237dad7bf7aa976ce8c07eccd20172,22
bf450ff631eb8c94a2131dce0a42c9a2c7bcd972,,,Design of automata theory of cubical complexes with applications to diagnosis and algorithmic description,J. Roth,1972,1972-04-11,,https://www.semanticscholar.org/paper/bf450ff631eb8c94a2131dce0a42c9a2c7bcd972,3
